timestamp,pv_kwh
2025-01-01 00:00,0.0
2025-01-01 01:00,0.0
2025-01-01 02:00,0.0
2025-01-01 03:00,0.0
2025-01-01 04:00,0.0
2025-01-01 05:00,0.0
2025-01-01 06:00,0.0
2025-01-01 07:00,0.0
2025-01-01 08:00,8.2107
2025-01-01 09:00,111.95
2025-01-01 10:00,255.66
2025-01-01 11:00,569.36
2025-01-01 12:00,821.93
2025-01-01 13:00,681.97
2025-01-01 14:00,126.17
2025-01-01 15:00,33.847
2025-01-01 16:00,0.0
2025-01-01 17:00,0.0
2025-01-01 18:00,0.0
2025-01-01 19:00,0.0
2025-01-01 20:00,0.0
2025-01-01 21:00,0.0
2025-01-01 22:00,0.0
2025-01-01 23:00,0.0
2025-01-02 00:00,0.0
2025-01-02 01:00,0.0
2025-01-02 02:00,0.0
2025-01-02 03:00,0.0
2025-01-02 04:00,0.0
2025-01-02 05:00,0.0
2025-01-02 06:00,0.0
2025-01-02 07:00,0.0
2025-01-02 08:00,0.2026
2025-01-02 09:00,208.7
2025-01-02 10:00,515.15
2025-01-02 11:00,679.7
2025-01-02 12:00,735.46
2025-01-02 13:00,650.94
2025-01-02 14:00,606.65
2025-01-02 15:00,445.03
2025-01-02 16:00,244.44
2025-01-02 17:00,0.0
2025-01-02 18:00,0.0
2025-01-02 19:00,0.0
2025-01-02 20:00,0.0
2025-01-02 21:00,0.0
2025-01-02 22:00,0.0
2025-01-02 23:00,0.0
2025-01-03 00:00,0.0
2025-01-03 01:00,0.0
2025-01-03 02:00,0.0
2025-01-03 03:00,0.0
2025-01-03 04:00,0.0
2025-01-03 05:00,0.0
2025-01-03 06:00,0.0
2025-01-03 07:00,0.0
2025-01-03 08:00,1.6459
2025-01-03 09:00,381.93
2025-01-03 10:00,603.43
2025-01-03 11:00,724.25
2025-01-03 12:00,790.01
2025-01-03 13:00,785.69
2025-01-03 14:00,698.76
2025-01-03 15:00,560.8
2025-01-03 16:00,312.16
2025-01-03 17:00,0.0
2025-01-03 18:00,0.0
2025-01-03 19:00,0.0
2025-01-03 20:00,0.0
2025-01-03 21:00,0.0
2025-01-03 22:00,0.0
2025-01-03 23:00,0.0
2025-01-04 00:00,0.0
2025-01-04 01:00,0.0
2025-01-04 02:00,0.0
2025-01-04 03:00,0.0
2025-01-04 04:00,0.0
2025-01-04 05:00,0.0
2025-01-04 06:00,0.0
2025-01-04 07:00,0.0
2025-01-04 08:00,2.033
2025-01-04 09:00,283.13
2025-01-04 10:00,427.22
2025-01-04 11:00,616.74
2025-01-04 12:00,626.4
2025-01-04 13:00,596.08
2025-01-04 14:00,241.64
2025-01-04 15:00,88.122
2025-01-04 16:00,1.3393
2025-01-04 17:00,0.0
2025-01-04 18:00,0.0
2025-01-04 19:00,0.0
2025-01-04 20:00,0.0
2025-01-04 21:00,0.0
2025-01-04 22:00,0.0
2025-01-04 23:00,0.0
2025-01-05 00:00,0.0
2025-01-05 01:00,0.0
2025-01-05 02:00,0.0
2025-01-05 03:00,0.0
2025-01-05 04:00,0.0
2025-01-05 05:00,0.0
2025-01-05 06:00,0.0
2025-01-05 07:00,0.0
2025-01-05 08:00,0.0
2025-01-05 09:00,29.065
2025-01-05 10:00,61.322
2025-01-05 11:00,73.478
2025-01-05 12:00,100.57
2025-01-05 13:00,96.98
2025-01-05 14:00,81.311
2025-01-05 15:00,56.729
2025-01-05 16:00,20.851
2025-01-05 17:00,0.0
2025-01-05 18:00,0.0
2025-01-05 19:00,0.0
2025-01-05 20:00,0.0
2025-01-05 21:00,0.0
2025-01-05 22:00,0.0
2025-01-05 23:00,0.0
2025-01-06 00:00,0.0
2025-01-06 01:00,0.0
2025-01-06 02:00,0.0
2025-01-06 03:00,0.0
2025-01-06 04:00,0.0
2025-01-06 05:00,0.0
2025-01-06 06:00,0.0
2025-01-06 07:00,0.0
2025-01-06 08:00,0.0
2025-01-06 09:00,9.0376
2025-01-06 10:00,18.355
2025-01-06 11:00,107.14
2025-01-06 12:00,47.923
2025-01-06 13:00,61.226
2025-01-06 14:00,575.4
2025-01-06 15:00,534.33
2025-01-06 16:00,347.21
2025-01-06 17:00,0.0
2025-01-06 18:00,0.0
2025-01-06 19:00,0.0
2025-01-06 20:00,0.0
2025-01-06 21:00,0.0
2025-01-06 22:00,0.0
2025-01-06 23:00,0.0
2025-01-07 00:00,0.0
2025-01-07 01:00,0.0
2025-01-07 02:00,0.0
2025-01-07 03:00,0.0
2025-01-07 04:00,0.0
2025-01-07 05:00,0.0
2025-01-07 06:00,0.0
2025-01-07 07:00,0.0
2025-01-07 08:00,0.0
2025-01-07 09:00,96.153
2025-01-07 10:00,147.15
2025-01-07 11:00,228.97
2025-01-07 12:00,249.9
2025-01-07 13:00,252.46
2025-01-07 14:00,223.82
2025-01-07 15:00,181.46
2025-01-07 16:00,60.348
2025-01-07 17:00,0.0
2025-01-07 18:00,0.0
2025-01-07 19:00,0.0
2025-01-07 20:00,0.0
2025-01-07 21:00,0.0
2025-01-07 22:00,0.0
2025-01-07 23:00,0.0
2025-01-08 00:00,0.0
2025-01-08 01:00,0.0
2025-01-08 02:00,0.0
2025-01-08 03:00,0.0
2025-01-08 04:00,0.0
2025-01-08 05:00,0.0
2025-01-08 06:00,0.0
2025-01-08 07:00,0.0
2025-01-08 08:00,0.0
2025-01-08 09:00,160.6
2025-01-08 10:00,310.69
2025-01-08 11:00,372.16
2025-01-08 12:00,325.82
2025-01-08 13:00,386.76
2025-01-08 14:00,319.24
2025-01-08 15:00,350.98
2025-01-08 16:00,129.94
2025-01-08 17:00,0.0
2025-01-08 18:00,0.0
2025-01-08 19:00,0.0
2025-01-08 20:00,0.0
2025-01-08 21:00,0.0
2025-01-08 22:00,0.0
2025-01-08 23:00,0.0
2025-01-09 00:00,0.0
2025-01-09 01:00,0.0
2025-01-09 02:00,0.0
2025-01-09 03:00,0.0
2025-01-09 04:00,0.0
2025-01-09 05:00,0.0
2025-01-09 06:00,0.0
2025-01-09 07:00,0.0
2025-01-09 08:00,0.0
2025-01-09 09:00,107.57
2025-01-09 10:00,17.415
2025-01-09 11:00,132.34
2025-01-09 12:00,358.92
2025-01-09 13:00,279.66
2025-01-09 14:00,364.31
2025-01-09 15:00,262.42
2025-01-09 16:00,133.26
2025-01-09 17:00,0.0
2025-01-09 18:00,0.0
2025-01-09 19:00,0.0
2025-01-09 20:00,0.0
2025-01-09 21:00,0.0
2025-01-09 22:00,0.0
2025-01-09 23:00,0.0
2025-01-10 00:00,0.0
2025-01-10 01:00,0.0
2025-01-10 02:00,0.0
2025-01-10 03:00,0.0
2025-01-10 04:00,0.0
2025-01-10 05:00,0.0
2025-01-10 06:00,0.0
2025-01-10 07:00,0.0
2025-01-10 08:00,0.0
2025-01-10 09:00,23.821
2025-01-10 10:00,41.802
2025-01-10 11:00,66.254
2025-01-10 12:00,62.123
2025-01-10 13:00,29.916
2025-01-10 14:00,565.25
2025-01-10 15:00,536.95
2025-01-10 16:00,308.26
2025-01-10 17:00,0.0
2025-01-10 18:00,0.0
2025-01-10 19:00,0.0
2025-01-10 20:00,0.0
2025-01-10 21:00,0.0
2025-01-10 22:00,0.0
2025-01-10 23:00,0.0
2025-01-11 00:00,0.0
2025-01-11 01:00,0.0
2025-01-11 02:00,0.0
2025-01-11 03:00,0.0
2025-01-11 04:00,0.0
2025-01-11 05:00,0.0
2025-01-11 06:00,0.0
2025-01-11 07:00,0.0
2025-01-11 08:00,1.9867
2025-01-11 09:00,390.83
2025-01-11 10:00,613.44
2025-01-11 11:00,769.87
2025-01-11 12:00,837.36
2025-01-11 13:00,826.43
2025-01-11 14:00,742.71
2025-01-11 15:00,583.1
2025-01-11 16:00,348.25
2025-01-11 17:00,0.0
2025-01-11 18:00,0.0
2025-01-11 19:00,0.0
2025-01-11 20:00,0.0
2025-01-11 21:00,0.0
2025-01-11 22:00,0.0
2025-01-11 23:00,0.0
2025-01-12 00:00,0.0
2025-01-12 01:00,0.0
2025-01-12 02:00,0.0
2025-01-12 03:00,0.0
2025-01-12 04:00,0.0
2025-01-12 05:00,0.0
2025-01-12 06:00,0.0
2025-01-12 07:00,0.0
2025-01-12 08:00,0.9383
2025-01-12 09:00,365.08
2025-01-12 10:00,481.89
2025-01-12 11:00,487.41
2025-01-12 12:00,647.37
2025-01-12 13:00,685.84
2025-01-12 14:00,572.44
2025-01-12 15:00,531.68
2025-01-12 16:00,346.61
2025-01-12 17:00,0.0
2025-01-12 18:00,0.0
2025-01-12 19:00,0.0
2025-01-12 20:00,0.0
2025-01-12 21:00,0.0
2025-01-12 22:00,0.0
2025-01-12 23:00,0.0
2025-01-13 00:00,0.0
2025-01-13 01:00,0.0
2025-01-13 02:00,0.0
2025-01-13 03:00,0.0
2025-01-13 04:00,0.0
2025-01-13 05:00,0.0
2025-01-13 06:00,0.0
2025-01-13 07:00,0.0
2025-01-13 08:00,4.1459
2025-01-13 09:00,408.71
2025-01-13 10:00,627.31
2025-01-13 11:00,531.14
2025-01-13 12:00,373.85
2025-01-13 13:00,220.03
2025-01-13 14:00,364.17
2025-01-13 15:00,439.09
2025-01-13 16:00,295.5
2025-01-13 17:00,0.0
2025-01-13 18:00,0.0
2025-01-13 19:00,0.0
2025-01-13 20:00,0.0
2025-01-13 21:00,0.0
2025-01-13 22:00,0.0
2025-01-13 23:00,0.0
2025-01-14 00:00,0.0
2025-01-14 01:00,0.0
2025-01-14 02:00,0.0
2025-01-14 03:00,0.0
2025-01-14 04:00,0.0
2025-01-14 05:00,0.0
2025-01-14 06:00,0.0
2025-01-14 07:00,0.0
2025-01-14 08:00,0.5912
2025-01-14 09:00,91.969
2025-01-14 10:00,294.66
2025-01-14 11:00,130.64
2025-01-14 12:00,147.6
2025-01-14 13:00,113.29
2025-01-14 14:00,285.6
2025-01-14 15:00,176.16
2025-01-14 16:00,140.54
2025-01-14 17:00,0.1943
2025-01-14 18:00,0.0
2025-01-14 19:00,0.0
2025-01-14 20:00,0.0
2025-01-14 21:00,0.0
2025-01-14 22:00,0.0
2025-01-14 23:00,0.0
2025-01-15 00:00,0.0
2025-01-15 01:00,0.0
2025-01-15 02:00,0.0
2025-01-15 03:00,0.0
2025-01-15 04:00,0.0
2025-01-15 05:00,0.0
2025-01-15 06:00,0.0
2025-01-15 07:00,0.0
2025-01-15 08:00,3.2753
2025-01-15 09:00,171.56
2025-01-15 10:00,142.45
2025-01-15 11:00,304.96
2025-01-15 12:00,437.19
2025-01-15 13:00,622.73
2025-01-15 14:00,610.97
2025-01-15 15:00,647.1
2025-01-15 16:00,407.74
2025-01-15 17:00,2.7063
2025-01-15 18:00,0.0
2025-01-15 19:00,0.0
2025-01-15 20:00,0.0
2025-01-15 21:00,0.0
2025-01-15 22:00,0.0
2025-01-15 23:00,0.0
2025-01-16 00:00,0.0
2025-01-16 01:00,0.0
2025-01-16 02:00,0.0
2025-01-16 03:00,0.0
2025-01-16 04:00,0.0
2025-01-16 05:00,0.0
2025-01-16 06:00,0.0
2025-01-16 07:00,0.0
2025-01-16 08:00,0.2924
2025-01-16 09:00,445.16
2025-01-16 10:00,629.83
2025-01-16 11:00,811.24
2025-01-16 12:00,459.52
2025-01-16 13:00,29.822
2025-01-16 14:00,158.54
2025-01-16 15:00,132.32
2025-01-16 16:00,11.799
2025-01-16 17:00,0.0
2025-01-16 18:00,0.0
2025-01-16 19:00,0.0
2025-01-16 20:00,0.0
2025-01-16 21:00,0.0
2025-01-16 22:00,0.0
2025-01-16 23:00,0.0
2025-01-17 00:00,0.0
2025-01-17 01:00,0.0
2025-01-17 02:00,0.0
2025-01-17 03:00,0.0
2025-01-17 04:00,0.0
2025-01-17 05:00,0.0
2025-01-17 06:00,0.0
2025-01-17 07:00,0.0
2025-01-17 08:00,6.4733
2025-01-17 09:00,265.65
2025-01-17 10:00,599.47
2025-01-17 11:00,398.83
2025-01-17 12:00,552.79
2025-01-17 13:00,616.38
2025-01-17 14:00,117.5
2025-01-17 15:00,223.59
2025-01-17 16:00,193.1
2025-01-17 17:00,0.0
2025-01-17 18:00,0.0
2025-01-17 19:00,0.0
2025-01-17 20:00,0.0
2025-01-17 21:00,0.0
2025-01-17 22:00,0.0
2025-01-17 23:00,0.0
2025-01-18 00:00,0.0
2025-01-18 01:00,0.0
2025-01-18 02:00,0.0
2025-01-18 03:00,0.0
2025-01-18 04:00,0.0
2025-01-18 05:00,0.0
2025-01-18 06:00,0.0
2025-01-18 07:00,0.0
2025-01-18 08:00,0.0
2025-01-18 09:00,109.49
2025-01-18 10:00,292.35
2025-01-18 11:00,181.84
2025-01-18 12:00,97.273
2025-01-18 13:00,179.3
2025-01-18 14:00,518.05
2025-01-18 15:00,477.65
2025-01-18 16:00,375.28
2025-01-18 17:00,10.218
2025-01-18 18:00,0.0
2025-01-18 19:00,0.0
2025-01-18 20:00,0.0
2025-01-18 21:00,0.0
2025-01-18 22:00,0.0
2025-01-18 23:00,0.0
2025-01-19 00:00,0.0
2025-01-19 01:00,0.0
2025-01-19 02:00,0.0
2025-01-19 03:00,0.0
2025-01-19 04:00,0.0
2025-01-19 05:00,0.0
2025-01-19 06:00,0.0
2025-01-19 07:00,0.0
2025-01-19 08:00,0.0
2025-01-19 09:00,100.65
2025-01-19 10:00,337.36
2025-01-19 11:00,531.51
2025-01-19 12:00,443.96
2025-01-19 13:00,420.8
2025-01-19 14:00,395.27
2025-01-19 15:00,229.53
2025-01-19 16:00,109.5
2025-01-19 17:00,0.0
2025-01-19 18:00,0.0
2025-01-19 19:00,0.0
2025-01-19 20:00,0.0
2025-01-19 21:00,0.0
2025-01-19 22:00,0.0
2025-01-19 23:00,0.0
2025-01-20 00:00,0.0
2025-01-20 01:00,0.0
2025-01-20 02:00,0.0
2025-01-20 03:00,0.0
2025-01-20 04:00,0.0
2025-01-20 05:00,0.0
2025-01-20 06:00,0.0
2025-01-20 07:00,0.0
2025-01-20 08:00,0.0
2025-01-20 09:00,9.4345
2025-01-20 10:00,29.284
2025-01-20 11:00,37.391
2025-01-20 12:00,34.782
2025-01-20 13:00,29.413
2025-01-20 14:00,500.38
2025-01-20 15:00,421.29
2025-01-20 16:00,252.15
2025-01-20 17:00,0.0
2025-01-20 18:00,0.0
2025-01-20 19:00,0.0
2025-01-20 20:00,0.0
2025-01-20 21:00,0.0
2025-01-20 22:00,0.0
2025-01-20 23:00,0.0
2025-01-21 00:00,0.0
2025-01-21 01:00,0.0
2025-01-21 02:00,0.0
2025-01-21 03:00,0.0
2025-01-21 04:00,0.0
2025-01-21 05:00,0.0
2025-01-21 06:00,0.0
2025-01-21 07:00,0.0
2025-01-21 08:00,4.7807
2025-01-21 09:00,334.14
2025-01-21 10:00,575.79
2025-01-21 11:00,719.13
2025-01-21 12:00,635.8
2025-01-21 13:00,695.7
2025-01-21 14:00,548.49
2025-01-21 15:00,504.72
2025-01-21 16:00,333.12
2025-01-21 17:00,3.4131
2025-01-21 18:00,0.0
2025-01-21 19:00,0.0
2025-01-21 20:00,0.0
2025-01-21 21:00,0.0
2025-01-21 22:00,0.0
2025-01-21 23:00,0.0
2025-01-22 00:00,0.0
2025-01-22 01:00,0.0
2025-01-22 02:00,0.0
2025-01-22 03:00,0.0
2025-01-22 04:00,0.0
2025-01-22 05:00,0.0
2025-01-22 06:00,0.0
2025-01-22 07:00,0.0
2025-01-22 08:00,0.4669
2025-01-22 09:00,76.09
2025-01-22 10:00,100.7
2025-01-22 11:00,166.84
2025-01-22 12:00,234.21
2025-01-22 13:00,304.91
2025-01-22 14:00,266.85
2025-01-22 15:00,141.95
2025-01-22 16:00,56.204
2025-01-22 17:00,0.0
2025-01-22 18:00,0.0
2025-01-22 19:00,0.0
2025-01-22 20:00,0.0
2025-01-22 21:00,0.0
2025-01-22 22:00,0.0
2025-01-22 23:00,0.0
2025-01-23 00:00,0.0
2025-01-23 01:00,0.0
2025-01-23 02:00,0.0
2025-01-23 03:00,0.0
2025-01-23 04:00,0.0
2025-01-23 05:00,0.0
2025-01-23 06:00,0.0
2025-01-23 07:00,0.0
2025-01-23 08:00,0.0
2025-01-23 09:00,76.459
2025-01-23 10:00,294.77
2025-01-23 11:00,478.69
2025-01-23 12:00,697.3
2025-01-23 13:00,750.74
2025-01-23 14:00,602.62
2025-01-23 15:00,502.71
2025-01-23 16:00,297.7
2025-01-23 17:00,2.1226
2025-01-23 18:00,0.0
2025-01-23 19:00,0.0
2025-01-23 20:00,0.0
2025-01-23 21:00,0.0
2025-01-23 22:00,0.0
2025-01-23 23:00,0.0
2025-01-24 00:00,0.0
2025-01-24 01:00,0.0
2025-01-24 02:00,0.0
2025-01-24 03:00,0.0
2025-01-24 04:00,0.0
2025-01-24 05:00,0.0
2025-01-24 06:00,0.0
2025-01-24 07:00,0.0
2025-01-24 08:00,6.6753
2025-01-24 09:00,391.3
2025-01-24 10:00,592.07
2025-01-24 11:00,744.65
2025-01-24 12:00,801.36
2025-01-24 13:00,808.53
2025-01-24 14:00,739.11
2025-01-24 15:00,585.38
2025-01-24 16:00,351.33
2025-01-24 17:00,4.1775
2025-01-24 18:00,0.0
2025-01-24 19:00,0.0
2025-01-24 20:00,0.0
2025-01-24 21:00,0.0
2025-01-24 22:00,0.0
2025-01-24 23:00,0.0
2025-01-25 00:00,0.0
2025-01-25 01:00,0.0
2025-01-25 02:00,0.0
2025-01-25 03:00,0.0
2025-01-25 04:00,0.0
2025-01-25 05:00,0.0
2025-01-25 06:00,0.0
2025-01-25 07:00,0.0
2025-01-25 08:00,11.564
2025-01-25 09:00,218.69
2025-01-25 10:00,532.23
2025-01-25 11:00,509.63
2025-01-25 12:00,458.55
2025-01-25 13:00,466.9
2025-01-25 14:00,404.0
2025-01-25 15:00,387.41
2025-01-25 16:00,309.31
2025-01-25 17:00,10.901
2025-01-25 18:00,0.0
2025-01-25 19:00,0.0
2025-01-25 20:00,0.0
2025-01-25 21:00,0.0
2025-01-25 22:00,0.0
2025-01-25 23:00,0.0
2025-01-26 00:00,0.0
2025-01-26 01:00,0.0
2025-01-26 02:00,0.0
2025-01-26 03:00,0.0
2025-01-26 04:00,0.0
2025-01-26 05:00,0.0
2025-01-26 06:00,0.0
2025-01-26 07:00,0.0
2025-01-26 08:00,9.2399
2025-01-26 09:00,401.17
2025-01-26 10:00,629.36
2025-01-26 11:00,779.52
2025-01-26 12:00,849.22
2025-01-26 13:00,850.19
2025-01-26 14:00,782.39
2025-01-26 15:00,628.96
2025-01-26 16:00,403.9
2025-01-26 17:00,6.9708
2025-01-26 18:00,0.0
2025-01-26 19:00,0.0
2025-01-26 20:00,0.0
2025-01-26 21:00,0.0
2025-01-26 22:00,0.0
2025-01-26 23:00,0.0
2025-01-27 00:00,0.0
2025-01-27 01:00,0.0
2025-01-27 02:00,0.0
2025-01-27 03:00,0.0
2025-01-27 04:00,0.0
2025-01-27 05:00,0.0
2025-01-27 06:00,0.0
2025-01-27 07:00,0.0
2025-01-27 08:00,0.0
2025-01-27 09:00,6.7036
2025-01-27 10:00,20.416
2025-01-27 11:00,27.487
2025-01-27 12:00,31.366
2025-01-27 13:00,31.355
2025-01-27 14:00,488.26
2025-01-27 15:00,384.01
2025-01-27 16:00,223.39
2025-01-27 17:00,4.8407
2025-01-27 18:00,0.0
2025-01-27 19:00,0.0
2025-01-27 20:00,0.0
2025-01-27 21:00,0.0
2025-01-27 22:00,0.0
2025-01-27 23:00,0.0
2025-01-28 00:00,0.0
2025-01-28 01:00,0.0
2025-01-28 02:00,0.0
2025-01-28 03:00,0.0
2025-01-28 04:00,0.0
2025-01-28 05:00,0.0
2025-01-28 06:00,0.0
2025-01-28 07:00,0.0
2025-01-28 08:00,7.2436
2025-01-28 09:00,293.88
2025-01-28 10:00,308.46
2025-01-28 11:00,467.71
2025-01-28 12:00,407.05
2025-01-28 13:00,115.57
2025-01-28 14:00,162.69
2025-01-28 15:00,213.54
2025-01-28 16:00,51.343
2025-01-28 17:00,0.0
2025-01-28 18:00,0.0
2025-01-28 19:00,0.0
2025-01-28 20:00,0.0
2025-01-28 21:00,0.0
2025-01-28 22:00,0.0
2025-01-28 23:00,0.0
2025-01-29 00:00,0.0
2025-01-29 01:00,0.0
2025-01-29 02:00,0.0
2025-01-29 03:00,0.0
2025-01-29 04:00,0.0
2025-01-29 05:00,0.0
2025-01-29 06:00,0.0
2025-01-29 07:00,0.0
2025-01-29 08:00,0.0
2025-01-29 09:00,99.623
2025-01-29 10:00,407.67
2025-01-29 11:00,381.03
2025-01-29 12:00,453.7
2025-01-29 13:00,210.52
2025-01-29 14:00,210.45
2025-01-29 15:00,134.34
2025-01-29 16:00,124.24
2025-01-29 17:00,5.0574
2025-01-29 18:00,0.0
2025-01-29 19:00,0.0
2025-01-29 20:00,0.0
2025-01-29 21:00,0.0
2025-01-29 22:00,0.0
2025-01-29 23:00,0.0
2025-01-30 00:00,0.0
2025-01-30 01:00,0.0
2025-01-30 02:00,0.0
2025-01-30 03:00,0.0
2025-01-30 04:00,0.0
2025-01-30 05:00,0.0
2025-01-30 06:00,0.0
2025-01-30 07:00,0.0
2025-01-30 08:00,8.106
2025-01-30 09:00,180.82
2025-01-30 10:00,524.82
2025-01-30 11:00,360.79
2025-01-30 12:00,79.83
2025-01-30 13:00,81.823
2025-01-30 14:00,279.43
2025-01-30 15:00,122.59
2025-01-30 16:00,85.711
2025-01-30 17:00,0.0
2025-01-30 18:00,0.0
2025-01-30 19:00,0.0
2025-01-30 20:00,0.0
2025-01-30 21:00,0.0
2025-01-30 22:00,0.0
2025-01-30 23:00,0.0
2025-01-31 00:00,0.0
2025-01-31 01:00,0.0
2025-01-31 02:00,0.0
2025-01-31 03:00,0.0
2025-01-31 04:00,0.0
2025-01-31 05:00,0.0
2025-01-31 06:00,0.0
2025-01-31 07:00,0.0
2025-01-31 08:00,0.0
2025-01-31 09:00,37.904
2025-01-31 10:00,111.6
2025-01-31 11:00,181.53
2025-01-31 12:00,223.08
2025-01-31 13:00,223.05
2025-01-31 14:00,135.12
2025-01-31 15:00,84.642
2025-01-31 16:00,52.823
2025-01-31 17:00,0.0
2025-01-31 18:00,0.0
2025-01-31 19:00,0.0
2025-01-31 20:00,0.0
2025-01-31 21:00,0.0
2025-01-31 22:00,0.0
2025-01-31 23:00,0.0
2025-02-01 00:00,0.0
2025-02-01 01:00,0.0
2025-02-01 02:00,0.0
2025-02-01 03:00,0.0
2025-02-01 04:00,0.0
2025-02-01 05:00,0.0
2025-02-01 06:00,0.0
2025-02-01 07:00,0.0
2025-02-01 08:00,0.0
2025-02-01 09:00,34.331
2025-02-01 10:00,58.437
2025-02-01 11:00,68.058
2025-02-01 12:00,80.783
2025-02-01 13:00,78.625
2025-02-01 14:00,78.397
2025-02-01 15:00,54.267
2025-02-01 16:00,31.993
2025-02-01 17:00,0.0
2025-02-01 18:00,0.0
2025-02-01 19:00,0.0
2025-02-01 20:00,0.0
2025-02-01 21:00,0.0
2025-02-01 22:00,0.0
2025-02-01 23:00,0.0
2025-02-02 00:00,0.0
2025-02-02 01:00,0.0
2025-02-02 02:00,0.0
2025-02-02 03:00,0.0
2025-02-02 04:00,0.0
2025-02-02 05:00,0.0
2025-02-02 06:00,0.0
2025-02-02 07:00,0.0
2025-02-02 08:00,36.579
2025-02-02 09:00,243.02
2025-02-02 10:00,206.01
2025-02-02 11:00,137.98
2025-02-02 12:00,184.5
2025-02-02 13:00,333.72
2025-02-02 14:00,329.75
2025-02-02 15:00,217.26
2025-02-02 16:00,38.799
2025-02-02 17:00,0.0
2025-02-02 18:00,0.0
2025-02-02 19:00,0.0
2025-02-02 20:00,0.0
2025-02-02 21:00,0.0
2025-02-02 22:00,0.0
2025-02-02 23:00,0.0
2025-02-03 00:00,0.0
2025-02-03 01:00,0.0
2025-02-03 02:00,0.0
2025-02-03 03:00,0.0
2025-02-03 04:00,0.0
2025-02-03 05:00,0.0
2025-02-03 06:00,0.0
2025-02-03 07:00,0.0
2025-02-03 08:00,123.88
2025-02-03 09:00,373.01
2025-02-03 10:00,529.66
2025-02-03 11:00,668.46
2025-02-03 12:00,780.68
2025-02-03 13:00,761.62
2025-02-03 14:00,708.22
2025-02-03 15:00,556.33
2025-02-03 16:00,362.89
2025-02-03 17:00,124.02
2025-02-03 18:00,0.0
2025-02-03 19:00,0.0
2025-02-03 20:00,0.0
2025-02-03 21:00,0.0
2025-02-03 22:00,0.0
2025-02-03 23:00,0.0
2025-02-04 00:00,0.0
2025-02-04 01:00,0.0
2025-02-04 02:00,0.0
2025-02-04 03:00,0.0
2025-02-04 04:00,0.0
2025-02-04 05:00,0.0
2025-02-04 06:00,0.0
2025-02-04 07:00,0.0
2025-02-04 08:00,118.58
2025-02-04 09:00,264.34
2025-02-04 10:00,559.49
2025-02-04 11:00,683.92
2025-02-04 12:00,712.42
2025-02-04 13:00,689.86
2025-02-04 14:00,462.91
2025-02-04 15:00,202.91
2025-02-04 16:00,89.269
2025-02-04 17:00,0.0
2025-02-04 18:00,0.0
2025-02-04 19:00,0.0
2025-02-04 20:00,0.0
2025-02-04 21:00,0.0
2025-02-04 22:00,0.0
2025-02-04 23:00,0.0
2025-02-05 00:00,0.0
2025-02-05 01:00,0.0
2025-02-05 02:00,0.0
2025-02-05 03:00,0.0
2025-02-05 04:00,0.0
2025-02-05 05:00,0.0
2025-02-05 06:00,0.0
2025-02-05 07:00,0.0
2025-02-05 08:00,34.651
2025-02-05 09:00,141.31
2025-02-05 10:00,252.35
2025-02-05 11:00,352.08
2025-02-05 12:00,410.95
2025-02-05 13:00,432.48
2025-02-05 14:00,497.54
2025-02-05 15:00,502.07
2025-02-05 16:00,355.13
2025-02-05 17:00,149.16
2025-02-05 18:00,0.0
2025-02-05 19:00,0.0
2025-02-05 20:00,0.0
2025-02-05 21:00,0.0
2025-02-05 22:00,0.0
2025-02-05 23:00,0.0
2025-02-06 00:00,0.0
2025-02-06 01:00,0.0
2025-02-06 02:00,0.0
2025-02-06 03:00,0.0
2025-02-06 04:00,0.0
2025-02-06 05:00,0.0
2025-02-06 06:00,0.0
2025-02-06 07:00,0.0
2025-02-06 08:00,12.735
2025-02-06 09:00,41.12
2025-02-06 10:00,76.932
2025-02-06 11:00,96.385
2025-02-06 12:00,120.08
2025-02-06 13:00,163.63
2025-02-06 14:00,144.78
2025-02-06 15:00,138.23
2025-02-06 16:00,78.22
2025-02-06 17:00,15.628
2025-02-06 18:00,0.0
2025-02-06 19:00,0.0
2025-02-06 20:00,0.0
2025-02-06 21:00,0.0
2025-02-06 22:00,0.0
2025-02-06 23:00,0.0
2025-02-07 00:00,0.0
2025-02-07 01:00,0.0
2025-02-07 02:00,0.0
2025-02-07 03:00,0.0
2025-02-07 04:00,0.0
2025-02-07 05:00,0.0
2025-02-07 06:00,0.0
2025-02-07 07:00,0.0
2025-02-07 08:00,104.97
2025-02-07 09:00,213.24
2025-02-07 10:00,339.67
2025-02-07 11:00,451.35
2025-02-07 12:00,588.45
2025-02-07 13:00,588.36
2025-02-07 14:00,549.44
2025-02-07 15:00,456.5
2025-02-07 16:00,352.66
2025-02-07 17:00,140.73
2025-02-07 18:00,0.0
2025-02-07 19:00,0.0
2025-02-07 20:00,0.0
2025-02-07 21:00,0.0
2025-02-07 22:00,0.0
2025-02-07 23:00,0.0
2025-02-08 00:00,0.0
2025-02-08 01:00,0.0
2025-02-08 02:00,0.0
2025-02-08 03:00,0.0
2025-02-08 04:00,0.0
2025-02-08 05:00,0.0
2025-02-08 06:00,0.0
2025-02-08 07:00,0.0
2025-02-08 08:00,3.6724
2025-02-08 09:00,25.06
2025-02-08 10:00,19.323
2025-02-08 11:00,37.368
2025-02-08 12:00,59.789
2025-02-08 13:00,103.26
2025-02-08 14:00,606.51
2025-02-08 15:00,576.41
2025-02-08 16:00,306.78
2025-02-08 17:00,123.48
2025-02-08 18:00,0.0
2025-02-08 19:00,0.0
2025-02-08 20:00,0.0
2025-02-08 21:00,0.0
2025-02-08 22:00,0.0
2025-02-08 23:00,0.0
2025-02-09 00:00,0.0
2025-02-09 01:00,0.0
2025-02-09 02:00,0.0
2025-02-09 03:00,0.0
2025-02-09 04:00,0.0
2025-02-09 05:00,0.0
2025-02-09 06:00,0.0
2025-02-09 07:00,0.0
2025-02-09 08:00,0.0
2025-02-09 09:00,14.548
2025-02-09 10:00,31.34
2025-02-09 11:00,48.148
2025-02-09 12:00,66.576
2025-02-09 13:00,66.898
2025-02-09 14:00,587.88
2025-02-09 15:00,506.89
2025-02-09 16:00,323.97
2025-02-09 17:00,121.61
2025-02-09 18:00,0.0
2025-02-09 19:00,0.0
2025-02-09 20:00,0.0
2025-02-09 21:00,0.0
2025-02-09 22:00,0.0
2025-02-09 23:00,0.0
2025-02-10 00:00,0.0
2025-02-10 01:00,0.0
2025-02-10 02:00,0.0
2025-02-10 03:00,0.0
2025-02-10 04:00,0.0
2025-02-10 05:00,0.0
2025-02-10 06:00,0.0
2025-02-10 07:00,0.0
2025-02-10 08:00,24.749
2025-02-10 09:00,85.633
2025-02-10 10:00,157.43
2025-02-10 11:00,188.09
2025-02-10 12:00,110.87
2025-02-10 13:00,195.69
2025-02-10 14:00,258.98
2025-02-10 15:00,118.83
2025-02-10 16:00,86.532
2025-02-10 17:00,61.62
2025-02-10 18:00,0.0
2025-02-10 19:00,0.0
2025-02-10 20:00,0.0
2025-02-10 21:00,0.0
2025-02-10 22:00,0.0
2025-02-10 23:00,0.0
2025-02-11 00:00,0.0
2025-02-11 01:00,0.0
2025-02-11 02:00,0.0
2025-02-11 03:00,0.0
2025-02-11 04:00,0.0
2025-02-11 05:00,0.0
2025-02-11 06:00,0.0
2025-02-11 07:00,0.0
2025-02-11 08:00,131.67
2025-02-11 09:00,349.29
2025-02-11 10:00,547.06
2025-02-11 11:00,676.47
2025-02-11 12:00,772.61
2025-02-11 13:00,718.04
2025-02-11 14:00,649.44
2025-02-11 15:00,584.28
2025-02-11 16:00,379.85
2025-02-11 17:00,148.87
2025-02-11 18:00,0.0
2025-02-11 19:00,0.0
2025-02-11 20:00,0.0
2025-02-11 21:00,0.0
2025-02-11 22:00,0.0
2025-02-11 23:00,0.0
2025-02-12 00:00,0.0
2025-02-12 01:00,0.0
2025-02-12 02:00,0.0
2025-02-12 03:00,0.0
2025-02-12 04:00,0.0
2025-02-12 05:00,0.0
2025-02-12 06:00,0.0
2025-02-12 07:00,0.0
2025-02-12 08:00,130.33
2025-02-12 09:00,315.24
2025-02-12 10:00,442.99
2025-02-12 11:00,562.21
2025-02-12 12:00,767.47
2025-02-12 13:00,436.01
2025-02-12 14:00,548.28
2025-02-12 15:00,515.93
2025-02-12 16:00,112.52
2025-02-12 17:00,20.026
2025-02-12 18:00,0.0
2025-02-12 19:00,0.0
2025-02-12 20:00,0.0
2025-02-12 21:00,0.0
2025-02-12 22:00,0.0
2025-02-12 23:00,0.0
2025-02-13 00:00,0.0
2025-02-13 01:00,0.0
2025-02-13 02:00,0.0
2025-02-13 03:00,0.0
2025-02-13 04:00,0.0
2025-02-13 05:00,0.0
2025-02-13 06:00,0.0
2025-02-13 07:00,0.0
2025-02-13 08:00,136.27
2025-02-13 09:00,279.87
2025-02-13 10:00,369.86
2025-02-13 11:00,603.11
2025-02-13 12:00,605.05
2025-02-13 13:00,664.56
2025-02-13 14:00,693.12
2025-02-13 15:00,662.55
2025-02-13 16:00,432.86
2025-02-13 17:00,174.01
2025-02-13 18:00,0.0
2025-02-13 19:00,0.0
2025-02-13 20:00,0.0
2025-02-13 21:00,0.0
2025-02-13 22:00,0.0
2025-02-13 23:00,0.0
2025-02-14 00:00,0.0
2025-02-14 01:00,0.0
2025-02-14 02:00,0.0
2025-02-14 03:00,0.0
2025-02-14 04:00,0.0
2025-02-14 05:00,0.0
2025-02-14 06:00,0.0
2025-02-14 07:00,0.0
2025-02-14 08:00,5.1231
2025-02-14 09:00,368.19
2025-02-14 10:00,380.81
2025-02-14 11:00,271.35
2025-02-14 12:00,43.578
2025-02-14 13:00,131.54
2025-02-14 14:00,451.51
2025-02-14 15:00,130.5
2025-02-14 16:00,437.34
2025-02-14 17:00,196.23
2025-02-14 18:00,0.0
2025-02-14 19:00,0.0
2025-02-14 20:00,0.0
2025-02-14 21:00,0.0
2025-02-14 22:00,0.0
2025-02-14 23:00,0.0
2025-02-15 00:00,0.0
2025-02-15 01:00,0.0
2025-02-15 02:00,0.0
2025-02-15 03:00,0.0
2025-02-15 04:00,0.0
2025-02-15 05:00,0.0
2025-02-15 06:00,0.0
2025-02-15 07:00,0.0
2025-02-15 08:00,83.423
2025-02-15 09:00,67.601
2025-02-15 10:00,28.383
2025-02-15 11:00,179.8
2025-02-15 12:00,333.6
2025-02-15 13:00,365.08
2025-02-15 14:00,448.33
2025-02-15 15:00,347.09
2025-02-15 16:00,334.68
2025-02-15 17:00,191.66
2025-02-15 18:00,0.0
2025-02-15 19:00,0.0
2025-02-15 20:00,0.0
2025-02-15 21:00,0.0
2025-02-15 22:00,0.0
2025-02-15 23:00,0.0
2025-02-16 00:00,0.0
2025-02-16 01:00,0.0
2025-02-16 02:00,0.0
2025-02-16 03:00,0.0
2025-02-16 04:00,0.0
2025-02-16 05:00,0.0
2025-02-16 06:00,0.0
2025-02-16 07:00,0.0
2025-02-16 08:00,184.48
2025-02-16 09:00,445.36
2025-02-16 10:00,631.18
2025-02-16 11:00,776.27
2025-02-16 12:00,813.09
2025-02-16 13:00,829.28
2025-02-16 14:00,753.88
2025-02-16 15:00,636.97
2025-02-16 16:00,449.72
2025-02-16 17:00,189.77
2025-02-16 18:00,0.0
2025-02-16 19:00,0.0
2025-02-16 20:00,0.0
2025-02-16 21:00,0.0
2025-02-16 22:00,0.0
2025-02-16 23:00,0.0
2025-02-17 00:00,0.0
2025-02-17 01:00,0.0
2025-02-17 02:00,0.0
2025-02-17 03:00,0.0
2025-02-17 04:00,0.0
2025-02-17 05:00,0.0
2025-02-17 06:00,0.0
2025-02-17 07:00,0.0
2025-02-17 08:00,73.841
2025-02-17 09:00,50.597
2025-02-17 10:00,316.23
2025-02-17 11:00,692.52
2025-02-17 12:00,559.73
2025-02-17 13:00,54.253
2025-02-17 14:00,265.22
2025-02-17 15:00,92.246
2025-02-17 16:00,89.946
2025-02-17 17:00,186.79
2025-02-17 18:00,0.0
2025-02-17 19:00,0.0
2025-02-17 20:00,0.0
2025-02-17 21:00,0.0
2025-02-17 22:00,0.0
2025-02-17 23:00,0.0
2025-02-18 00:00,0.0
2025-02-18 01:00,0.0
2025-02-18 02:00,0.0
2025-02-18 03:00,0.0
2025-02-18 04:00,0.0
2025-02-18 05:00,0.0
2025-02-18 06:00,0.0
2025-02-18 07:00,0.0
2025-02-18 08:00,190.38
2025-02-18 09:00,470.74
2025-02-18 10:00,690.13
2025-02-18 11:00,821.51
2025-02-18 12:00,859.88
2025-02-18 13:00,829.4
2025-02-18 14:00,758.31
2025-02-18 15:00,621.27
2025-02-18 16:00,430.61
2025-02-18 17:00,181.97
2025-02-18 18:00,0.0
2025-02-18 19:00,0.0
2025-02-18 20:00,0.0
2025-02-18 21:00,0.0
2025-02-18 22:00,0.0
2025-02-18 23:00,0.0
2025-02-19 00:00,0.0
2025-02-19 01:00,0.0
2025-02-19 02:00,0.0
2025-02-19 03:00,0.0
2025-02-19 04:00,0.0
2025-02-19 05:00,0.0
2025-02-19 06:00,0.0
2025-02-19 07:00,0.0
2025-02-19 08:00,200.73
2025-02-19 09:00,475.21
2025-02-19 10:00,683.83
2025-02-19 11:00,831.35
2025-02-19 12:00,901.91
2025-02-19 13:00,898.27
2025-02-19 14:00,829.48
2025-02-19 15:00,691.41
2025-02-19 16:00,487.52
2025-02-19 17:00,213.41
2025-02-19 18:00,0.0
2025-02-19 19:00,0.0
2025-02-19 20:00,0.0
2025-02-19 21:00,0.0
2025-02-19 22:00,0.0
2025-02-19 23:00,0.0
2025-02-20 00:00,0.0
2025-02-20 01:00,0.0
2025-02-20 02:00,0.0
2025-02-20 03:00,0.0
2025-02-20 04:00,0.0
2025-02-20 05:00,0.0
2025-02-20 06:00,0.0
2025-02-20 07:00,0.0
2025-02-20 08:00,185.68
2025-02-20 09:00,445.88
2025-02-20 10:00,647.72
2025-02-20 11:00,794.38
2025-02-20 12:00,849.59
2025-02-20 13:00,842.32
2025-02-20 14:00,768.65
2025-02-20 15:00,638.44
2025-02-20 16:00,440.01
2025-02-20 17:00,192.01
2025-02-20 18:00,0.0
2025-02-20 19:00,0.0
2025-02-20 20:00,0.0
2025-02-20 21:00,0.0
2025-02-20 22:00,0.0
2025-02-20 23:00,0.0
2025-02-21 00:00,0.0
2025-02-21 01:00,0.0
2025-02-21 02:00,0.0
2025-02-21 03:00,0.0
2025-02-21 04:00,0.0
2025-02-21 05:00,0.0
2025-02-21 06:00,0.0
2025-02-21 07:00,0.0
2025-02-21 08:00,169.58
2025-02-21 09:00,372.33
2025-02-21 10:00,290.51
2025-02-21 11:00,374.2
2025-02-21 12:00,527.23
2025-02-21 13:00,698.28
2025-02-21 14:00,624.55
2025-02-21 15:00,382.54
2025-02-21 16:00,337.86
2025-02-21 17:00,104.51
2025-02-21 18:00,0.0
2025-02-21 19:00,0.0
2025-02-21 20:00,0.0
2025-02-21 21:00,0.0
2025-02-21 22:00,0.0
2025-02-21 23:00,0.0
2025-02-22 00:00,0.0
2025-02-22 01:00,0.0
2025-02-22 02:00,0.0
2025-02-22 03:00,0.0
2025-02-22 04:00,0.0
2025-02-22 05:00,0.0
2025-02-22 06:00,0.0
2025-02-22 07:00,0.0
2025-02-22 08:00,13.894
2025-02-22 09:00,45.374
2025-02-22 10:00,100.42
2025-02-22 11:00,112.04
2025-02-22 12:00,134.35
2025-02-22 13:00,124.6
2025-02-22 14:00,106.06
2025-02-22 15:00,74.809
2025-02-22 16:00,48.496
2025-02-22 17:00,17.233
2025-02-22 18:00,0.0
2025-02-22 19:00,0.0
2025-02-22 20:00,0.0
2025-02-22 21:00,0.0
2025-02-22 22:00,0.0
2025-02-22 23:00,0.0
2025-02-23 00:00,0.0
2025-02-23 01:00,0.0
2025-02-23 02:00,0.0
2025-02-23 03:00,0.0
2025-02-23 04:00,0.0
2025-02-23 05:00,0.0
2025-02-23 06:00,0.0
2025-02-23 07:00,0.0
2025-02-23 08:00,102.0
2025-02-23 09:00,393.52
2025-02-23 10:00,645.27
2025-02-23 11:00,691.78
2025-02-23 12:00,712.09
2025-02-23 13:00,694.45
2025-02-23 14:00,583.18
2025-02-23 15:00,500.36
2025-02-23 16:00,368.63
2025-02-23 17:00,146.43
2025-02-23 18:00,0.0
2025-02-23 19:00,0.0
2025-02-23 20:00,0.0
2025-02-23 21:00,0.0
2025-02-23 22:00,0.0
2025-02-23 23:00,0.0
2025-02-24 00:00,0.0
2025-02-24 01:00,0.0
2025-02-24 02:00,0.0
2025-02-24 03:00,0.0
2025-02-24 04:00,0.0
2025-02-24 05:00,0.0
2025-02-24 06:00,0.0
2025-02-24 07:00,0.0
2025-02-24 08:00,166.49
2025-02-24 09:00,396.97
2025-02-24 10:00,590.97
2025-02-24 11:00,763.69
2025-02-24 12:00,866.65
2025-02-24 13:00,851.6
2025-02-24 14:00,781.85
2025-02-24 15:00,587.89
2025-02-24 16:00,407.16
2025-02-24 17:00,159.48
2025-02-24 18:00,0.0
2025-02-24 19:00,0.0
2025-02-24 20:00,0.0
2025-02-24 21:00,0.0
2025-02-24 22:00,0.0
2025-02-24 23:00,0.0
2025-02-25 00:00,0.0
2025-02-25 01:00,0.0
2025-02-25 02:00,0.0
2025-02-25 03:00,0.0
2025-02-25 04:00,0.0
2025-02-25 05:00,0.0
2025-02-25 06:00,0.0
2025-02-25 07:00,0.0
2025-02-25 08:00,198.86
2025-02-25 09:00,458.9
2025-02-25 10:00,681.64
2025-02-25 11:00,826.43
2025-02-25 12:00,878.55
2025-02-25 13:00,868.83
2025-02-25 14:00,772.67
2025-02-25 15:00,618.29
2025-02-25 16:00,415.15
2025-02-25 17:00,174.15
2025-02-25 18:00,0.0
2025-02-25 19:00,0.0
2025-02-25 20:00,0.0
2025-02-25 21:00,0.0
2025-02-25 22:00,0.0
2025-02-25 23:00,0.0
2025-02-26 00:00,0.0
2025-02-26 01:00,0.0
2025-02-26 02:00,0.0
2025-02-26 03:00,0.0
2025-02-26 04:00,0.0
2025-02-26 05:00,0.0
2025-02-26 06:00,0.0
2025-02-26 07:00,0.0
2025-02-26 08:00,178.79
2025-02-26 09:00,430.96
2025-02-26 10:00,662.04
2025-02-26 11:00,778.8
2025-02-26 12:00,820.16
2025-02-26 13:00,810.21
2025-02-26 14:00,765.5
2025-02-26 15:00,574.47
2025-02-26 16:00,321.73
2025-02-26 17:00,141.97
2025-02-26 18:00,0.0
2025-02-26 19:00,0.0
2025-02-26 20:00,0.0
2025-02-26 21:00,0.0
2025-02-26 22:00,0.0
2025-02-26 23:00,0.0
2025-02-27 00:00,0.0
2025-02-27 01:00,0.0
2025-02-27 02:00,0.0
2025-02-27 03:00,0.0
2025-02-27 04:00,0.0
2025-02-27 05:00,0.0
2025-02-27 06:00,0.0
2025-02-27 07:00,0.0
2025-02-27 08:00,1.7664
2025-02-27 09:00,29.941
2025-02-27 10:00,69.037
2025-02-27 11:00,85.972
2025-02-27 12:00,92.983
2025-02-27 13:00,105.27
2025-02-27 14:00,668.08
2025-02-27 15:00,567.06
2025-02-27 16:00,383.28
2025-02-27 17:00,150.7
2025-02-27 18:00,0.0
2025-02-27 19:00,0.0
2025-02-27 20:00,0.0
2025-02-27 21:00,0.0
2025-02-27 22:00,0.0
2025-02-27 23:00,0.0
2025-02-28 00:00,0.0
2025-02-28 01:00,0.0
2025-02-28 02:00,0.0
2025-02-28 03:00,0.0
2025-02-28 04:00,0.0
2025-02-28 05:00,0.0
2025-02-28 06:00,0.0
2025-02-28 07:00,0.0
2025-02-28 08:00,114.49
2025-02-28 09:00,217.16
2025-02-28 10:00,310.62
2025-02-28 11:00,467.82
2025-02-28 12:00,520.1
2025-02-28 13:00,505.77
2025-02-28 14:00,610.34
2025-02-28 15:00,347.12
2025-02-28 16:00,113.09
2025-02-28 17:00,2.4171
2025-02-28 18:00,0.0
2025-02-28 19:00,0.0
2025-02-28 20:00,0.0
2025-02-28 21:00,0.0
2025-02-28 22:00,0.0
2025-02-28 23:00,0.0
2025-03-01 00:00,0.0
2025-03-01 01:00,0.0
2025-03-01 02:00,0.0
2025-03-01 03:00,0.0
2025-03-01 04:00,0.0
2025-03-01 05:00,0.0
2025-03-01 06:00,0.0
2025-03-01 07:00,0.0
2025-03-01 08:00,19.906
2025-03-01 09:00,44.796
2025-03-01 10:00,42.868
2025-03-01 11:00,33.619
2025-03-01 12:00,60.725
2025-03-01 13:00,97.343
2025-03-01 14:00,667.42
2025-03-01 15:00,610.56
2025-03-01 16:00,461.28
2025-03-01 17:00,187.21
2025-03-01 18:00,0.0
2025-03-01 19:00,0.0
2025-03-01 20:00,0.0
2025-03-01 21:00,0.0
2025-03-01 22:00,0.0
2025-03-01 23:00,0.0
2025-03-02 00:00,0.0
2025-03-02 01:00,0.0
2025-03-02 02:00,0.0
2025-03-02 03:00,0.0
2025-03-02 04:00,0.0
2025-03-02 05:00,0.0
2025-03-02 06:00,0.0
2025-03-02 07:00,0.0
2025-03-02 08:00,36.557
2025-03-02 09:00,113.2
2025-03-02 10:00,167.25
2025-03-02 11:00,201.98
2025-03-02 12:00,209.87
2025-03-02 13:00,187.1
2025-03-02 14:00,246.18
2025-03-02 15:00,170.08
2025-03-02 16:00,102.36
2025-03-02 17:00,33.914
2025-03-02 18:00,0.0
2025-03-02 19:00,0.0
2025-03-02 20:00,0.0
2025-03-02 21:00,0.0
2025-03-02 22:00,0.0
2025-03-02 23:00,0.0
2025-03-03 00:00,0.0
2025-03-03 01:00,0.0
2025-03-03 02:00,0.0
2025-03-03 03:00,0.0
2025-03-03 04:00,0.0
2025-03-03 05:00,0.0
2025-03-03 06:00,0.0
2025-03-03 07:00,0.0
2025-03-03 08:00,85.185
2025-03-03 09:00,218.71
2025-03-03 10:00,325.53
2025-03-03 11:00,388.18
2025-03-03 12:00,408.56
2025-03-03 13:00,373.03
2025-03-03 14:00,329.55
2025-03-03 15:00,303.71
2025-03-03 16:00,196.55
2025-03-03 17:00,72.787
2025-03-03 18:00,0.0
2025-03-03 19:00,0.0
2025-03-03 20:00,0.0
2025-03-03 21:00,0.0
2025-03-03 22:00,0.0
2025-03-03 23:00,0.0
2025-03-04 00:00,0.0
2025-03-04 01:00,0.0
2025-03-04 02:00,0.0
2025-03-04 03:00,0.0
2025-03-04 04:00,0.0
2025-03-04 05:00,0.0
2025-03-04 06:00,0.0
2025-03-04 07:00,0.0
2025-03-04 08:00,92.001
2025-03-04 09:00,199.08
2025-03-04 10:00,315.9
2025-03-04 11:00,319.64
2025-03-04 12:00,248.04
2025-03-04 13:00,375.87
2025-03-04 14:00,483.3
2025-03-04 15:00,431.67
2025-03-04 16:00,428.14
2025-03-04 17:00,242.85
2025-03-04 18:00,0.5964
2025-03-04 19:00,0.0
2025-03-04 20:00,0.0
2025-03-04 21:00,0.0
2025-03-04 22:00,0.0
2025-03-04 23:00,0.0
2025-03-05 00:00,0.0
2025-03-05 01:00,0.0
2025-03-05 02:00,0.0
2025-03-05 03:00,0.0
2025-03-05 04:00,0.0
2025-03-05 05:00,0.0
2025-03-05 06:00,0.0
2025-03-05 07:00,0.5255
2025-03-05 08:00,188.95
2025-03-05 09:00,415.19
2025-03-05 10:00,643.39
2025-03-05 11:00,774.74
2025-03-05 12:00,839.55
2025-03-05 13:00,813.22
2025-03-05 14:00,708.98
2025-03-05 15:00,583.01
2025-03-05 16:00,374.35
2025-03-05 17:00,181.12
2025-03-05 18:00,0.0
2025-03-05 19:00,0.0
2025-03-05 20:00,0.0
2025-03-05 21:00,0.0
2025-03-05 22:00,0.0
2025-03-05 23:00,0.0
2025-03-06 00:00,0.0
2025-03-06 01:00,0.0
2025-03-06 02:00,0.0
2025-03-06 03:00,0.0
2025-03-06 04:00,0.0
2025-03-06 05:00,0.0
2025-03-06 06:00,0.0
2025-03-06 07:00,0.0
2025-03-06 08:00,181.8
2025-03-06 09:00,391.66
2025-03-06 10:00,572.92
2025-03-06 11:00,736.63
2025-03-06 12:00,824.13
2025-03-06 13:00,839.7
2025-03-06 14:00,810.26
2025-03-06 15:00,521.43
2025-03-06 16:00,374.26
2025-03-06 17:00,194.7
2025-03-06 18:00,0.0
2025-03-06 19:00,0.0
2025-03-06 20:00,0.0
2025-03-06 21:00,0.0
2025-03-06 22:00,0.0
2025-03-06 23:00,0.0
2025-03-07 00:00,0.0
2025-03-07 01:00,0.0
2025-03-07 02:00,0.0
2025-03-07 03:00,0.0
2025-03-07 04:00,0.0
2025-03-07 05:00,0.0
2025-03-07 06:00,0.0
2025-03-07 07:00,1.3501
2025-03-07 08:00,238.3
2025-03-07 09:00,500.0
2025-03-07 10:00,711.03
2025-03-07 11:00,844.02
2025-03-07 12:00,910.36
2025-03-07 13:00,901.77
2025-03-07 14:00,835.36
2025-03-07 15:00,691.6
2025-03-07 16:00,489.02
2025-03-07 17:00,229.86
2025-03-07 18:00,0.0
2025-03-07 19:00,0.0
2025-03-07 20:00,0.0
2025-03-07 21:00,0.0
2025-03-07 22:00,0.0
2025-03-07 23:00,0.0
2025-03-08 00:00,0.0
2025-03-08 01:00,0.0
2025-03-08 02:00,0.0
2025-03-08 03:00,0.0
2025-03-08 04:00,0.0
2025-03-08 05:00,0.0
2025-03-08 06:00,0.0
2025-03-08 07:00,2.6485
2025-03-08 08:00,259.89
2025-03-08 09:00,515.52
2025-03-08 10:00,700.84
2025-03-08 11:00,827.27
2025-03-08 12:00,908.7
2025-03-08 13:00,897.53
2025-03-08 14:00,830.67
2025-03-08 15:00,708.22
2025-03-08 16:00,505.86
2025-03-08 17:00,240.37
2025-03-08 18:00,0.6032
2025-03-08 19:00,0.0
2025-03-08 20:00,0.0
2025-03-08 21:00,0.0
2025-03-08 22:00,0.0
2025-03-08 23:00,0.0
2025-03-09 00:00,0.0
2025-03-09 01:00,0.0
2025-03-09 02:00,0.0
2025-03-09 03:00,0.0
2025-03-09 04:00,0.0
2025-03-09 05:00,0.0
2025-03-09 06:00,0.0
2025-03-09 07:00,3.3808
2025-03-09 08:00,227.9
2025-03-09 09:00,460.84
2025-03-09 10:00,640.19
2025-03-09 11:00,803.99
2025-03-09 12:00,826.44
2025-03-09 13:00,823.05
2025-03-09 14:00,738.71
2025-03-09 15:00,632.53
2025-03-09 16:00,441.43
2025-03-09 17:00,210.33
2025-03-09 18:00,0.5953
2025-03-09 19:00,0.0
2025-03-09 20:00,0.0
2025-03-09 21:00,0.0
2025-03-09 22:00,0.0
2025-03-09 23:00,0.0
2025-03-10 00:00,0.0
2025-03-10 01:00,0.0
2025-03-10 02:00,0.0
2025-03-10 03:00,0.0
2025-03-10 04:00,0.0
2025-03-10 05:00,0.0
2025-03-10 06:00,0.0
2025-03-10 07:00,10.598
2025-03-10 08:00,82.767
2025-03-10 09:00,162.4
2025-03-10 10:00,206.28
2025-03-10 11:00,575.6
2025-03-10 12:00,505.42
2025-03-10 13:00,566.14
2025-03-10 14:00,814.18
2025-03-10 15:00,714.94
2025-03-10 16:00,371.56
2025-03-10 17:00,257.46
2025-03-10 18:00,1.8833
2025-03-10 19:00,0.0
2025-03-10 20:00,0.0
2025-03-10 21:00,0.0
2025-03-10 22:00,0.0
2025-03-10 23:00,0.0
2025-03-11 00:00,0.0
2025-03-11 01:00,0.0
2025-03-11 02:00,0.0
2025-03-11 03:00,0.0
2025-03-11 04:00,0.0
2025-03-11 05:00,0.0
2025-03-11 06:00,0.0
2025-03-11 07:00,6.4551
2025-03-11 08:00,280.71
2025-03-11 09:00,550.78
2025-03-11 10:00,762.68
2025-03-11 11:00,899.02
2025-03-11 12:00,964.9
2025-03-11 13:00,958.52
2025-03-11 14:00,889.93
2025-03-11 15:00,743.63
2025-03-11 16:00,531.58
2025-03-11 17:00,258.53
2025-03-11 18:00,2.4699
2025-03-11 19:00,0.0
2025-03-11 20:00,0.0
2025-03-11 21:00,0.0
2025-03-11 22:00,0.0
2025-03-11 23:00,0.0
2025-03-12 00:00,0.0
2025-03-12 01:00,0.0
2025-03-12 02:00,0.0
2025-03-12 03:00,0.0
2025-03-12 04:00,0.0
2025-03-12 05:00,0.0
2025-03-12 06:00,0.0
2025-03-12 07:00,8.011
2025-03-12 08:00,272.9
2025-03-12 09:00,527.27
2025-03-12 10:00,720.21
2025-03-12 11:00,860.25
2025-03-12 12:00,918.56
2025-03-12 13:00,912.67
2025-03-12 14:00,844.92
2025-03-12 15:00,705.51
2025-03-12 16:00,501.52
2025-03-12 17:00,248.03
2025-03-12 18:00,2.9923
2025-03-12 19:00,0.0
2025-03-12 20:00,0.0
2025-03-12 21:00,0.0
2025-03-12 22:00,0.0
2025-03-12 23:00,0.0
2025-03-13 00:00,0.0
2025-03-13 01:00,0.0
2025-03-13 02:00,0.0
2025-03-13 03:00,0.0
2025-03-13 04:00,0.0
2025-03-13 05:00,0.0
2025-03-13 06:00,0.0
2025-03-13 07:00,10.025
2025-03-13 08:00,270.17
2025-03-13 09:00,539.72
2025-03-13 10:00,621.07
2025-03-13 11:00,715.63
2025-03-13 12:00,820.31
2025-03-13 13:00,626.57
2025-03-13 14:00,676.67
2025-03-13 15:00,518.89
2025-03-13 16:00,291.68
2025-03-13 17:00,136.35
2025-03-13 18:00,1.5849
2025-03-13 19:00,0.0
2025-03-13 20:00,0.0
2025-03-13 21:00,0.0
2025-03-13 22:00,0.0
2025-03-13 23:00,0.0
2025-03-14 00:00,0.0
2025-03-14 01:00,0.0
2025-03-14 02:00,0.0
2025-03-14 03:00,0.0
2025-03-14 04:00,0.0
2025-03-14 05:00,0.0
2025-03-14 06:00,0.0
2025-03-14 07:00,8.9292
2025-03-14 08:00,182.55
2025-03-14 09:00,421.42
2025-03-14 10:00,583.7
2025-03-14 11:00,748.86
2025-03-14 12:00,842.5
2025-03-14 13:00,791.51
2025-03-14 14:00,726.33
2025-03-14 15:00,636.0
2025-03-14 16:00,483.1
2025-03-14 17:00,204.82
2025-03-14 18:00,6.3149
2025-03-14 19:00,0.0
2025-03-14 20:00,0.0
2025-03-14 21:00,0.0
2025-03-14 22:00,0.0
2025-03-14 23:00,0.0
2025-03-15 00:00,0.0
2025-03-15 01:00,0.0
2025-03-15 02:00,0.0
2025-03-15 03:00,0.0
2025-03-15 04:00,0.0
2025-03-15 05:00,0.0
2025-03-15 06:00,0.0
2025-03-15 07:00,6.1542
2025-03-15 08:00,235.75
2025-03-15 09:00,512.08
2025-03-15 10:00,583.9
2025-03-15 11:00,646.18
2025-03-15 12:00,950.1
2025-03-15 13:00,770.12
2025-03-15 14:00,391.35
2025-03-15 15:00,185.71
2025-03-15 16:00,111.67
2025-03-15 17:00,86.54
2025-03-15 18:00,9.0373
2025-03-15 19:00,0.0
2025-03-15 20:00,0.0
2025-03-15 21:00,0.0
2025-03-15 22:00,0.0
2025-03-15 23:00,0.0
2025-03-16 00:00,0.0
2025-03-16 01:00,0.0
2025-03-16 02:00,0.0
2025-03-16 03:00,0.0
2025-03-16 04:00,0.0
2025-03-16 05:00,0.0
2025-03-16 06:00,0.0
2025-03-16 07:00,16.995
2025-03-16 08:00,164.18
2025-03-16 09:00,303.93
2025-03-16 10:00,434.22
2025-03-16 11:00,768.29
2025-03-16 12:00,972.69
2025-03-16 13:00,932.43
2025-03-16 14:00,657.33
2025-03-16 15:00,146.42
2025-03-16 16:00,154.26
2025-03-16 17:00,50.181
2025-03-16 18:00,0.0
2025-03-16 19:00,0.0
2025-03-16 20:00,0.0
2025-03-16 21:00,0.0
2025-03-16 22:00,0.0
2025-03-16 23:00,0.0
2025-03-17 00:00,0.0
2025-03-17 01:00,0.0
2025-03-17 02:00,0.0
2025-03-17 03:00,0.0
2025-03-17 04:00,0.0
2025-03-17 05:00,0.0
2025-03-17 06:00,0.0
2025-03-17 07:00,15.708
2025-03-17 08:00,243.26
2025-03-17 09:00,477.14
2025-03-17 10:00,689.74
2025-03-17 11:00,809.75
2025-03-17 12:00,878.07
2025-03-17 13:00,855.58
2025-03-17 14:00,767.76
2025-03-17 15:00,652.35
2025-03-17 16:00,451.72
2025-03-17 17:00,240.17
2025-03-17 18:00,9.3264
2025-03-17 19:00,0.0
2025-03-17 20:00,0.0
2025-03-17 21:00,0.0
2025-03-17 22:00,0.0
2025-03-17 23:00,0.0
2025-03-18 00:00,0.0
2025-03-18 01:00,0.0
2025-03-18 02:00,0.0
2025-03-18 03:00,0.0
2025-03-18 04:00,0.0
2025-03-18 05:00,0.0
2025-03-18 06:00,0.0
2025-03-18 07:00,0.0
2025-03-18 08:00,104.67
2025-03-18 09:00,324.36
2025-03-18 10:00,460.99
2025-03-18 11:00,400.99
2025-03-18 12:00,562.03
2025-03-18 13:00,686.69
2025-03-18 14:00,717.23
2025-03-18 15:00,444.7
2025-03-18 16:00,302.47
2025-03-18 17:00,222.38
2025-03-18 18:00,6.4749
2025-03-18 19:00,0.0
2025-03-18 20:00,0.0
2025-03-18 21:00,0.0
2025-03-18 22:00,0.0
2025-03-18 23:00,0.0
2025-03-19 00:00,0.0
2025-03-19 01:00,0.0
2025-03-19 02:00,0.0
2025-03-19 03:00,0.0
2025-03-19 04:00,0.0
2025-03-19 05:00,0.0
2025-03-19 06:00,0.0
2025-03-19 07:00,38.017
2025-03-19 08:00,143.36
2025-03-19 09:00,239.56
2025-03-19 10:00,342.46
2025-03-19 11:00,269.06
2025-03-19 12:00,390.59
2025-03-19 13:00,428.31
2025-03-19 14:00,394.13
2025-03-19 15:00,290.14
2025-03-19 16:00,217.85
2025-03-19 17:00,62.487
2025-03-19 18:00,0.0
2025-03-19 19:00,0.0
2025-03-19 20:00,0.0
2025-03-19 21:00,0.0
2025-03-19 22:00,0.0
2025-03-19 23:00,0.0
2025-03-20 00:00,0.0
2025-03-20 01:00,0.0
2025-03-20 02:00,0.0
2025-03-20 03:00,0.0
2025-03-20 04:00,0.0
2025-03-20 05:00,0.0
2025-03-20 06:00,0.0
2025-03-20 07:00,38.294
2025-03-20 08:00,141.24
2025-03-20 09:00,336.61
2025-03-20 10:00,510.89
2025-03-20 11:00,753.22
2025-03-20 12:00,763.18
2025-03-20 13:00,779.36
2025-03-20 14:00,705.56
2025-03-20 15:00,532.07
2025-03-20 16:00,450.87
2025-03-20 17:00,253.15
2025-03-20 18:00,12.647
2025-03-20 19:00,0.0
2025-03-20 20:00,0.0
2025-03-20 21:00,0.0
2025-03-20 22:00,0.0
2025-03-20 23:00,0.0
2025-03-21 00:00,0.0
2025-03-21 01:00,0.0
2025-03-21 02:00,0.0
2025-03-21 03:00,0.0
2025-03-21 04:00,0.0
2025-03-21 05:00,0.0
2025-03-21 06:00,0.0
2025-03-21 07:00,54.019
2025-03-21 08:00,244.96
2025-03-21 09:00,466.19
2025-03-21 10:00,607.17
2025-03-21 11:00,801.79
2025-03-21 12:00,823.68
2025-03-21 13:00,819.7
2025-03-21 14:00,741.42
2025-03-21 15:00,609.46
2025-03-21 16:00,443.01
2025-03-21 17:00,228.41
2025-03-21 18:00,11.799
2025-03-21 19:00,0.0
2025-03-21 20:00,0.0
2025-03-21 21:00,0.0
2025-03-21 22:00,0.0
2025-03-21 23:00,0.0
2025-03-22 00:00,0.0
2025-03-22 01:00,0.0
2025-03-22 02:00,0.0
2025-03-22 03:00,0.0
2025-03-22 04:00,0.0
2025-03-22 05:00,0.0
2025-03-22 06:00,0.0
2025-03-22 07:00,68.795
2025-03-22 08:00,276.14
2025-03-22 09:00,477.61
2025-03-22 10:00,594.05
2025-03-22 11:00,707.2
2025-03-22 12:00,806.49
2025-03-22 13:00,805.68
2025-03-22 14:00,718.94
2025-03-22 15:00,577.69
2025-03-22 16:00,326.29
2025-03-22 17:00,193.39
2025-03-22 18:00,11.916
2025-03-22 19:00,0.0
2025-03-22 20:00,0.0
2025-03-22 21:00,0.0
2025-03-22 22:00,0.0
2025-03-22 23:00,0.0
2025-03-23 00:00,0.0
2025-03-23 01:00,0.0
2025-03-23 02:00,0.0
2025-03-23 03:00,0.0
2025-03-23 04:00,0.0
2025-03-23 05:00,0.0
2025-03-23 06:00,0.0
2025-03-23 07:00,66.631
2025-03-23 08:00,209.62
2025-03-23 09:00,493.2
2025-03-23 10:00,482.92
2025-03-23 11:00,765.97
2025-03-23 12:00,643.9
2025-03-23 13:00,672.38
2025-03-23 14:00,490.15
2025-03-23 15:00,490.06
2025-03-23 16:00,315.49
2025-03-23 17:00,149.77
2025-03-23 18:00,0.0
2025-03-23 19:00,0.0
2025-03-23 20:00,0.0
2025-03-23 21:00,0.0
2025-03-23 22:00,0.0
2025-03-23 23:00,0.0
2025-03-24 00:00,0.0
2025-03-24 01:00,0.0
2025-03-24 02:00,0.0
2025-03-24 03:00,0.0
2025-03-24 04:00,0.0
2025-03-24 05:00,0.0
2025-03-24 06:00,0.0
2025-03-24 07:00,69.57
2025-03-24 08:00,302.78
2025-03-24 09:00,555.1
2025-03-24 10:00,748.78
2025-03-24 11:00,876.75
2025-03-24 12:00,933.46
2025-03-24 13:00,927.23
2025-03-24 14:00,855.85
2025-03-24 15:00,725.44
2025-03-24 16:00,522.66
2025-03-24 17:00,249.3
2025-03-24 18:00,17.009
2025-03-24 19:00,0.0
2025-03-24 20:00,0.0
2025-03-24 21:00,0.0
2025-03-24 22:00,0.0
2025-03-24 23:00,0.0
2025-03-25 00:00,0.0
2025-03-25 01:00,0.0
2025-03-25 02:00,0.0
2025-03-25 03:00,0.0
2025-03-25 04:00,0.0
2025-03-25 05:00,0.0
2025-03-25 06:00,0.0
2025-03-25 07:00,78.125
2025-03-25 08:00,335.11
2025-03-25 09:00,597.75
2025-03-25 10:00,792.99
2025-03-25 11:00,918.4
2025-03-25 12:00,972.47
2025-03-25 13:00,965.23
2025-03-25 14:00,891.4
2025-03-25 15:00,747.16
2025-03-25 16:00,536.42
2025-03-25 17:00,260.78
2025-03-25 18:00,16.155
2025-03-25 19:00,0.0
2025-03-25 20:00,0.0
2025-03-25 21:00,0.0
2025-03-25 22:00,0.0
2025-03-25 23:00,0.0
2025-03-26 00:00,0.0
2025-03-26 01:00,0.0
2025-03-26 02:00,0.0
2025-03-26 03:00,0.0
2025-03-26 04:00,0.0
2025-03-26 05:00,0.0
2025-03-26 06:00,0.0
2025-03-26 07:00,0.7253
2025-03-26 08:00,82.296
2025-03-26 09:00,227.08
2025-03-26 10:00,270.88
2025-03-26 11:00,424.88
2025-03-26 12:00,573.64
2025-03-26 13:00,581.33
2025-03-26 14:00,597.68
2025-03-26 15:00,428.48
2025-03-26 16:00,355.33
2025-03-26 17:00,167.35
2025-03-26 18:00,17.229
2025-03-26 19:00,0.0
2025-03-26 20:00,0.0
2025-03-26 21:00,0.0
2025-03-26 22:00,0.0
2025-03-26 23:00,0.0
2025-03-27 00:00,0.0
2025-03-27 01:00,0.0
2025-03-27 02:00,0.0
2025-03-27 03:00,0.0
2025-03-27 04:00,0.0
2025-03-27 05:00,0.0
2025-03-27 06:00,0.0
2025-03-27 07:00,53.545
2025-03-27 08:00,189.66
2025-03-27 09:00,352.04
2025-03-27 10:00,527.49
2025-03-27 11:00,640.66
2025-03-27 12:00,682.37
2025-03-27 13:00,676.12
2025-03-27 14:00,630.08
2025-03-27 15:00,512.54
2025-03-27 16:00,365.15
2025-03-27 17:00,183.3
2025-03-27 18:00,32.332
2025-03-27 19:00,0.0
2025-03-27 20:00,0.0
2025-03-27 21:00,0.0
2025-03-27 22:00,0.0
2025-03-27 23:00,0.0
2025-03-28 00:00,0.0
2025-03-28 01:00,0.0
2025-03-28 02:00,0.0
2025-03-28 03:00,0.0
2025-03-28 04:00,0.0
2025-03-28 05:00,0.0
2025-03-28 06:00,0.0
2025-03-28 07:00,82.963
2025-03-28 08:00,327.22
2025-03-28 09:00,470.91
2025-03-28 10:00,774.37
2025-03-28 11:00,518.05
2025-03-28 12:00,354.28
2025-03-28 13:00,118.54
2025-03-28 14:00,75.003
2025-03-28 15:00,264.61
2025-03-28 16:00,213.78
2025-03-28 17:00,75.262
2025-03-28 18:00,17.86
2025-03-28 19:00,0.0
2025-03-28 20:00,0.0
2025-03-28 21:00,0.0
2025-03-28 22:00,0.0
2025-03-28 23:00,0.0
2025-03-29 00:00,0.0
2025-03-29 01:00,0.0
2025-03-29 02:00,0.0
2025-03-29 03:00,0.0
2025-03-29 04:00,0.0
2025-03-29 05:00,0.0
2025-03-29 06:00,0.0
2025-03-29 07:00,46.424
2025-03-29 08:00,145.59
2025-03-29 09:00,285.48
2025-03-29 10:00,443.74
2025-03-29 11:00,516.86
2025-03-29 12:00,665.02
2025-03-29 13:00,594.5
2025-03-29 14:00,548.12
2025-03-29 15:00,466.48
2025-03-29 16:00,277.35
2025-03-29 17:00,124.67
2025-03-29 18:00,31.292
2025-03-29 19:00,0.0
2025-03-29 20:00,0.0
2025-03-29 21:00,0.0
2025-03-29 22:00,0.0
2025-03-29 23:00,0.0
2025-03-30 00:00,0.0
2025-03-30 01:00,0.0
2025-03-30 02:00,0.0
2025-03-30 03:00,0.0
2025-03-30 04:00,0.0
2025-03-30 05:00,0.0
2025-03-30 06:00,0.0
2025-03-30 07:00,95.014
2025-03-30 08:00,283.16
2025-03-30 09:00,317.57
2025-03-30 10:00,668.76
2025-03-30 11:00,883.39
2025-03-30 12:00,201.97
2025-03-30 13:00,64.539
2025-03-30 14:00,432.73
2025-03-30 15:00,407.05
2025-03-30 16:00,324.71
2025-03-30 17:00,11.2
2025-03-30 18:00,7.5969
2025-03-30 19:00,0.0
2025-03-30 20:00,0.0
2025-03-30 21:00,0.0
2025-03-30 22:00,0.0
2025-03-30 23:00,0.0
2025-03-31 00:00,0.0
2025-03-31 01:00,0.0
2025-03-31 02:00,0.0
2025-03-31 03:00,0.0
2025-03-31 04:00,0.0
2025-03-31 05:00,0.0
2025-03-31 06:00,0.0
2025-03-31 07:00,77.322
2025-03-31 08:00,148.19
2025-03-31 09:00,105.84
2025-03-31 10:00,233.56
2025-03-31 11:00,274.65
2025-03-31 12:00,425.43
2025-03-31 13:00,517.77
2025-03-31 14:00,768.32
2025-03-31 15:00,728.66
2025-03-31 16:00,563.68
2025-03-31 17:00,281.48
2025-03-31 18:00,49.835
2025-03-31 19:00,0.0
2025-03-31 20:00,0.0
2025-03-31 21:00,0.0
2025-03-31 22:00,0.0
2025-03-31 23:00,0.0
2025-04-01 00:00,0.0
2025-04-01 01:00,0.0
2025-04-01 02:00,0.0
2025-04-01 03:00,0.0
2025-04-01 04:00,0.0
2025-04-01 05:00,0.0
2025-04-01 06:00,0.0
2025-04-01 07:00,68.205
2025-04-01 08:00,166.98
2025-04-01 09:00,341.63
2025-04-01 10:00,518.9
2025-04-01 11:00,652.59
2025-04-01 12:00,789.83
2025-04-01 13:00,823.58
2025-04-01 14:00,788.21
2025-04-01 15:00,608.94
2025-04-01 16:00,447.64
2025-04-01 17:00,229.55
2025-04-01 18:00,52.354
2025-04-01 19:00,0.0
2025-04-01 20:00,0.0
2025-04-01 21:00,0.0
2025-04-01 22:00,0.0
2025-04-01 23:00,0.0
2025-04-02 00:00,0.0
2025-04-02 01:00,0.0
2025-04-02 02:00,0.0
2025-04-02 03:00,0.0
2025-04-02 04:00,0.0
2025-04-02 05:00,0.0
2025-04-02 06:00,0.0
2025-04-02 07:00,89.075
2025-04-02 08:00,321.45
2025-04-02 09:00,564.92
2025-04-02 10:00,740.83
2025-04-02 11:00,861.12
2025-04-02 12:00,887.77
2025-04-02 13:00,879.06
2025-04-02 14:00,803.18
2025-04-02 15:00,670.51
2025-04-02 16:00,472.76
2025-04-02 17:00,232.55
2025-04-02 18:00,41.963
2025-04-02 19:00,0.0
2025-04-02 20:00,0.0
2025-04-02 21:00,0.0
2025-04-02 22:00,0.0
2025-04-02 23:00,0.0
2025-04-03 00:00,0.0
2025-04-03 01:00,0.0
2025-04-03 02:00,0.0
2025-04-03 03:00,0.0
2025-04-03 04:00,0.0
2025-04-03 05:00,0.0
2025-04-03 06:00,0.0
2025-04-03 07:00,40.941
2025-04-03 08:00,29.742
2025-04-03 09:00,362.35
2025-04-03 10:00,688.2
2025-04-03 11:00,928.95
2025-04-03 12:00,898.04
2025-04-03 13:00,679.72
2025-04-03 14:00,671.78
2025-04-03 15:00,329.56
2025-04-03 16:00,83.24
2025-04-03 17:00,14.477
2025-04-03 18:00,19.873
2025-04-03 19:00,0.0
2025-04-03 20:00,0.0
2025-04-03 21:00,0.0
2025-04-03 22:00,0.0
2025-04-03 23:00,0.0
2025-04-04 00:00,0.0
2025-04-04 01:00,0.0
2025-04-04 02:00,0.0
2025-04-04 03:00,0.0
2025-04-04 04:00,0.0
2025-04-04 05:00,0.0
2025-04-04 06:00,0.0
2025-04-04 07:00,37.526
2025-04-04 08:00,100.22
2025-04-04 09:00,68.965
2025-04-04 10:00,289.41
2025-04-04 11:00,615.93
2025-04-04 12:00,597.06
2025-04-04 13:00,670.68
2025-04-04 14:00,569.83
2025-04-04 15:00,510.67
2025-04-04 16:00,468.25
2025-04-04 17:00,311.04
2025-04-04 18:00,47.443
2025-04-04 19:00,0.0
2025-04-04 20:00,0.0
2025-04-04 21:00,0.0
2025-04-04 22:00,0.0
2025-04-04 23:00,0.0
2025-04-05 00:00,0.0
2025-04-05 01:00,0.0
2025-04-05 02:00,0.0
2025-04-05 03:00,0.0
2025-04-05 04:00,0.0
2025-04-05 05:00,0.0
2025-04-05 06:00,0.0
2025-04-05 07:00,65.302
2025-04-05 08:00,224.8
2025-04-05 09:00,266.12
2025-04-05 10:00,376.0
2025-04-05 11:00,369.44
2025-04-05 12:00,408.07
2025-04-05 13:00,501.57
2025-04-05 14:00,549.47
2025-04-05 15:00,563.32
2025-04-05 16:00,498.51
2025-04-05 17:00,262.18
2025-04-05 18:00,52.567
2025-04-05 19:00,0.0
2025-04-05 20:00,0.0
2025-04-05 21:00,0.0
2025-04-05 22:00,0.0
2025-04-05 23:00,0.0
2025-04-06 00:00,0.0
2025-04-06 01:00,0.0
2025-04-06 02:00,0.0
2025-04-06 03:00,0.0
2025-04-06 04:00,0.0
2025-04-06 05:00,0.0
2025-04-06 06:00,0.0
2025-04-06 07:00,87.438
2025-04-06 08:00,294.27
2025-04-06 09:00,497.22
2025-04-06 10:00,707.77
2025-04-06 11:00,767.05
2025-04-06 12:00,831.79
2025-04-06 13:00,794.86
2025-04-06 14:00,779.46
2025-04-06 15:00,638.32
2025-04-06 16:00,465.1
2025-04-06 17:00,239.81
2025-04-06 18:00,43.695
2025-04-06 19:00,0.0
2025-04-06 20:00,0.0
2025-04-06 21:00,0.0
2025-04-06 22:00,0.0
2025-04-06 23:00,0.0
2025-04-07 00:00,0.0
2025-04-07 01:00,0.0
2025-04-07 02:00,0.0
2025-04-07 03:00,0.0
2025-04-07 04:00,0.0
2025-04-07 05:00,0.0
2025-04-07 06:00,0.0
2025-04-07 07:00,34.763
2025-04-07 08:00,90.871
2025-04-07 09:00,142.78
2025-04-07 10:00,196.9
2025-04-07 11:00,230.54
2025-04-07 12:00,257.78
2025-04-07 13:00,251.65
2025-04-07 14:00,232.11
2025-04-07 15:00,193.04
2025-04-07 16:00,127.09
2025-04-07 17:00,70.323
2025-04-07 18:00,21.271
2025-04-07 19:00,0.0
2025-04-07 20:00,0.0
2025-04-07 21:00,0.0
2025-04-07 22:00,0.0
2025-04-07 23:00,0.0
2025-04-08 00:00,0.0
2025-04-08 01:00,0.0
2025-04-08 02:00,0.0
2025-04-08 03:00,0.0
2025-04-08 04:00,0.0
2025-04-08 05:00,0.0
2025-04-08 06:00,0.0
2025-04-08 07:00,68.968
2025-04-08 08:00,220.97
2025-04-08 09:00,338.22
2025-04-08 10:00,499.62
2025-04-08 11:00,618.56
2025-04-08 12:00,598.89
2025-04-08 13:00,629.81
2025-04-08 14:00,500.5
2025-04-08 15:00,431.69
2025-04-08 16:00,392.41
2025-04-08 17:00,210.88
2025-04-08 18:00,41.408
2025-04-08 19:00,0.0
2025-04-08 20:00,0.0
2025-04-08 21:00,0.0
2025-04-08 22:00,0.0
2025-04-08 23:00,0.0
2025-04-09 00:00,0.0
2025-04-09 01:00,0.0
2025-04-09 02:00,0.0
2025-04-09 03:00,0.0
2025-04-09 04:00,0.0
2025-04-09 05:00,0.0
2025-04-09 06:00,0.0
2025-04-09 07:00,112.43
2025-04-09 08:00,364.41
2025-04-09 09:00,604.41
2025-04-09 10:00,777.62
2025-04-09 11:00,886.9
2025-04-09 12:00,921.64
2025-04-09 13:00,916.86
2025-04-09 14:00,845.02
2025-04-09 15:00,712.47
2025-04-09 16:00,514.16
2025-04-09 17:00,261.38
2025-04-09 18:00,45.616
2025-04-09 19:00,0.0
2025-04-09 20:00,0.0
2025-04-09 21:00,0.0
2025-04-09 22:00,0.0
2025-04-09 23:00,0.0
2025-04-10 00:00,0.0
2025-04-10 01:00,0.0
2025-04-10 02:00,0.0
2025-04-10 03:00,0.0
2025-04-10 04:00,0.0
2025-04-10 05:00,0.0
2025-04-10 06:00,0.0
2025-04-10 07:00,47.576
2025-04-10 08:00,106.5
2025-04-10 09:00,135.67
2025-04-10 10:00,337.0
2025-04-10 11:00,615.71
2025-04-10 12:00,369.11
2025-04-10 13:00,304.19
2025-04-10 14:00,327.55
2025-04-10 15:00,713.36
2025-04-10 16:00,441.23
2025-04-10 17:00,184.5
2025-04-10 18:00,44.1
2025-04-10 19:00,0.0
2025-04-10 20:00,0.0
2025-04-10 21:00,0.0
2025-04-10 22:00,0.0
2025-04-10 23:00,0.0
2025-04-11 00:00,0.0
2025-04-11 01:00,0.0
2025-04-11 02:00,0.0
2025-04-11 03:00,0.0
2025-04-11 04:00,0.0
2025-04-11 05:00,0.0
2025-04-11 06:00,0.0
2025-04-11 07:00,93.982
2025-04-11 08:00,241.48
2025-04-11 09:00,291.6
2025-04-11 10:00,362.7
2025-04-11 11:00,493.13
2025-04-11 12:00,484.14
2025-04-11 13:00,304.97
2025-04-11 14:00,315.16
2025-04-11 15:00,182.52
2025-04-11 16:00,31.988
2025-04-11 17:00,50.956
2025-04-11 18:00,3.0209
2025-04-11 19:00,0.0
2025-04-11 20:00,0.0
2025-04-11 21:00,0.0
2025-04-11 22:00,0.0
2025-04-11 23:00,0.0
2025-04-12 00:00,0.0
2025-04-12 01:00,0.0
2025-04-12 02:00,0.0
2025-04-12 03:00,0.0
2025-04-12 04:00,0.0
2025-04-12 05:00,0.0
2025-04-12 06:00,0.0
2025-04-12 07:00,144.45
2025-04-12 08:00,352.04
2025-04-12 09:00,371.05
2025-04-12 10:00,345.85
2025-04-12 11:00,434.84
2025-04-12 12:00,290.05
2025-04-12 13:00,214.89
2025-04-12 14:00,415.88
2025-04-12 15:00,613.22
2025-04-12 16:00,457.13
2025-04-12 17:00,237.1
2025-04-12 18:00,59.77
2025-04-12 19:00,0.0
2025-04-12 20:00,0.0
2025-04-12 21:00,0.0
2025-04-12 22:00,0.0
2025-04-12 23:00,0.0
2025-04-13 00:00,0.0
2025-04-13 01:00,0.0
2025-04-13 02:00,0.0
2025-04-13 03:00,0.0
2025-04-13 04:00,0.0
2025-04-13 05:00,0.0
2025-04-13 06:00,0.3779
2025-04-13 07:00,102.95
2025-04-13 08:00,248.52
2025-04-13 09:00,397.64
2025-04-13 10:00,529.95
2025-04-13 11:00,598.3
2025-04-13 12:00,617.28
2025-04-13 13:00,611.75
2025-04-13 14:00,547.67
2025-04-13 15:00,465.99
2025-04-13 16:00,334.06
2025-04-13 17:00,179.74
2025-04-13 18:00,49.663
2025-04-13 19:00,0.0
2025-04-13 20:00,0.0
2025-04-13 21:00,0.0
2025-04-13 22:00,0.0
2025-04-13 23:00,0.0
2025-04-14 00:00,0.0
2025-04-14 01:00,0.0
2025-04-14 02:00,0.0
2025-04-14 03:00,0.0
2025-04-14 04:00,0.0
2025-04-14 05:00,0.0
2025-04-14 06:00,2.334
2025-04-14 07:00,112.07
2025-04-14 08:00,325.01
2025-04-14 09:00,566.19
2025-04-14 10:00,705.76
2025-04-14 11:00,834.42
2025-04-14 12:00,859.07
2025-04-14 13:00,850.93
2025-04-14 14:00,751.58
2025-04-14 15:00,617.21
2025-04-14 16:00,425.06
2025-04-14 17:00,222.0
2025-04-14 18:00,47.595
2025-04-14 19:00,0.0
2025-04-14 20:00,0.0
2025-04-14 21:00,0.0
2025-04-14 22:00,0.0
2025-04-14 23:00,0.0
2025-04-15 00:00,0.0
2025-04-15 01:00,0.0
2025-04-15 02:00,0.0
2025-04-15 03:00,0.0
2025-04-15 04:00,0.0
2025-04-15 05:00,0.0
2025-04-15 06:00,3.1649
2025-04-15 07:00,137.7
2025-04-15 08:00,409.58
2025-04-15 09:00,658.96
2025-04-15 10:00,850.44
2025-04-15 11:00,895.7
2025-04-15 12:00,473.93
2025-04-15 13:00,549.42
2025-04-15 14:00,370.5
2025-04-15 15:00,338.01
2025-04-15 16:00,302.56
2025-04-15 17:00,140.35
2025-04-15 18:00,45.84
2025-04-15 19:00,0.0
2025-04-15 20:00,0.0
2025-04-15 21:00,0.0
2025-04-15 22:00,0.0
2025-04-15 23:00,0.0
2025-04-16 00:00,0.0
2025-04-16 01:00,0.0
2025-04-16 02:00,0.0
2025-04-16 03:00,0.0
2025-04-16 04:00,0.0
2025-04-16 05:00,0.0
2025-04-16 06:00,5.1289
2025-04-16 07:00,124.38
2025-04-16 08:00,369.72
2025-04-16 09:00,606.46
2025-04-16 10:00,776.25
2025-04-16 11:00,876.98
2025-04-16 12:00,934.71
2025-04-16 13:00,907.83
2025-04-16 14:00,839.97
2025-04-16 15:00,699.13
2025-04-16 16:00,496.27
2025-04-16 17:00,246.65
2025-04-16 18:00,52.636
2025-04-16 19:00,0.0
2025-04-16 20:00,0.0
2025-04-16 21:00,0.0
2025-04-16 22:00,0.0
2025-04-16 23:00,0.0
2025-04-17 00:00,0.0
2025-04-17 01:00,0.0
2025-04-17 02:00,0.0
2025-04-17 03:00,0.0
2025-04-17 04:00,0.0
2025-04-17 05:00,0.0
2025-04-17 06:00,5.5164
2025-04-17 07:00,121.66
2025-04-17 08:00,350.02
2025-04-17 09:00,569.5
2025-04-17 10:00,743.18
2025-04-17 11:00,854.92
2025-04-17 12:00,907.1
2025-04-17 13:00,905.86
2025-04-17 14:00,827.36
2025-04-17 15:00,699.12
2025-04-17 16:00,496.09
2025-04-17 17:00,253.41
2025-04-17 18:00,48.548
2025-04-17 19:00,0.0
2025-04-17 20:00,0.0
2025-04-17 21:00,0.0
2025-04-17 22:00,0.0
2025-04-17 23:00,0.0
2025-04-18 00:00,0.0
2025-04-18 01:00,0.0
2025-04-18 02:00,0.0
2025-04-18 03:00,0.0
2025-04-18 04:00,0.0
2025-04-18 05:00,0.0
2025-04-18 06:00,7.2017
2025-04-18 07:00,129.94
2025-04-18 08:00,376.4
2025-04-18 09:00,604.86
2025-04-18 10:00,774.57
2025-04-18 11:00,884.6
2025-04-18 12:00,928.51
2025-04-18 13:00,911.49
2025-04-18 14:00,831.89
2025-04-18 15:00,696.72
2025-04-18 16:00,500.83
2025-04-18 17:00,256.57
2025-04-18 18:00,49.497
2025-04-18 19:00,0.0
2025-04-18 20:00,0.0
2025-04-18 21:00,0.0
2025-04-18 22:00,0.0
2025-04-18 23:00,0.0
2025-04-19 00:00,0.0
2025-04-19 01:00,0.0
2025-04-19 02:00,0.0
2025-04-19 03:00,0.0
2025-04-19 04:00,0.0
2025-04-19 05:00,0.0
2025-04-19 06:00,9.1846
2025-04-19 07:00,134.03
2025-04-19 08:00,356.28
2025-04-19 09:00,571.93
2025-04-19 10:00,741.53
2025-04-19 11:00,831.74
2025-04-19 12:00,886.04
2025-04-19 13:00,879.36
2025-04-19 14:00,799.58
2025-04-19 15:00,681.72
2025-04-19 16:00,479.87
2025-04-19 17:00,239.2
2025-04-19 18:00,52.672
2025-04-19 19:00,0.0
2025-04-19 20:00,0.0
2025-04-19 21:00,0.0
2025-04-19 22:00,0.0
2025-04-19 23:00,0.0
2025-04-20 00:00,0.0
2025-04-20 01:00,0.0
2025-04-20 02:00,0.0
2025-04-20 03:00,0.0
2025-04-20 04:00,0.0
2025-04-20 05:00,0.0
2025-04-20 06:00,8.3976
2025-04-20 07:00,110.85
2025-04-20 08:00,304.08
2025-04-20 09:00,456.74
2025-04-20 10:00,600.77
2025-04-20 11:00,592.02
2025-04-20 12:00,728.67
2025-04-20 13:00,819.39
2025-04-20 14:00,613.43
2025-04-20 15:00,569.98
2025-04-20 16:00,441.56
2025-04-20 17:00,279.04
2025-04-20 18:00,53.439
2025-04-20 19:00,0.0
2025-04-20 20:00,0.0
2025-04-20 21:00,0.0
2025-04-20 22:00,0.0
2025-04-20 23:00,0.0
2025-04-21 00:00,0.0
2025-04-21 01:00,0.0
2025-04-21 02:00,0.0
2025-04-21 03:00,0.0
2025-04-21 04:00,0.0
2025-04-21 05:00,0.0
2025-04-21 06:00,9.9775
2025-04-21 07:00,119.03
2025-04-21 08:00,306.41
2025-04-21 09:00,476.82
2025-04-21 10:00,593.08
2025-04-21 11:00,688.78
2025-04-21 12:00,766.23
2025-04-21 13:00,729.88
2025-04-21 14:00,682.9
2025-04-21 15:00,549.09
2025-04-21 16:00,379.23
2025-04-21 17:00,201.78
2025-04-21 18:00,57.609
2025-04-21 19:00,0.0
2025-04-21 20:00,0.0
2025-04-21 21:00,0.0
2025-04-21 22:00,0.0
2025-04-21 23:00,0.0
2025-04-22 00:00,0.0
2025-04-22 01:00,0.0
2025-04-22 02:00,0.0
2025-04-22 03:00,0.0
2025-04-22 04:00,0.0
2025-04-22 05:00,0.0
2025-04-22 06:00,12.501
2025-04-22 07:00,136.32
2025-04-22 08:00,367.36
2025-04-22 09:00,591.15
2025-04-22 10:00,760.81
2025-04-22 11:00,843.57
2025-04-22 12:00,895.89
2025-04-22 13:00,875.28
2025-04-22 14:00,803.16
2025-04-22 15:00,688.79
2025-04-22 16:00,487.1
2025-04-22 17:00,254.1
2025-04-22 18:00,58.508
2025-04-22 19:00,0.0
2025-04-22 20:00,0.0
2025-04-22 21:00,0.0
2025-04-22 22:00,0.0
2025-04-22 23:00,0.0
2025-04-23 00:00,0.0
2025-04-23 01:00,0.0
2025-04-23 02:00,0.0
2025-04-23 03:00,0.0
2025-04-23 04:00,0.0
2025-04-23 05:00,0.0
2025-04-23 06:00,13.667
2025-04-23 07:00,124.12
2025-04-23 08:00,292.26
2025-04-23 09:00,509.34
2025-04-23 10:00,668.08
2025-04-23 11:00,732.05
2025-04-23 12:00,799.09
2025-04-23 13:00,828.29
2025-04-23 14:00,657.61
2025-04-23 15:00,585.24
2025-04-23 16:00,432.3
2025-04-23 17:00,262.62
2025-04-23 18:00,55.693
2025-04-23 19:00,0.0
2025-04-23 20:00,0.0
2025-04-23 21:00,0.0
2025-04-23 22:00,0.0
2025-04-23 23:00,0.0
2025-04-24 00:00,0.0
2025-04-24 01:00,0.0
2025-04-24 02:00,0.0
2025-04-24 03:00,0.0
2025-04-24 04:00,0.0
2025-04-24 05:00,0.0
2025-04-24 06:00,13.164
2025-04-24 07:00,124.6
2025-04-24 08:00,316.46
2025-04-24 09:00,539.89
2025-04-24 10:00,675.7
2025-04-24 11:00,767.79
2025-04-24 12:00,804.63
2025-04-24 13:00,736.27
2025-04-24 14:00,687.08
2025-04-24 15:00,557.54
2025-04-24 16:00,393.05
2025-04-24 17:00,200.19
2025-04-24 18:00,59.279
2025-04-24 19:00,0.0
2025-04-24 20:00,0.0
2025-04-24 21:00,0.0
2025-04-24 22:00,0.0
2025-04-24 23:00,0.0
2025-04-25 00:00,0.0
2025-04-25 01:00,0.0
2025-04-25 02:00,0.0
2025-04-25 03:00,0.0
2025-04-25 04:00,0.0
2025-04-25 05:00,0.0
2025-04-25 06:00,16.64
2025-04-25 07:00,156.44
2025-04-25 08:00,391.72
2025-04-25 09:00,616.22
2025-04-25 10:00,781.13
2025-04-25 11:00,886.21
2025-04-25 12:00,933.64
2025-04-25 13:00,907.98
2025-04-25 14:00,833.33
2025-04-25 15:00,693.67
2025-04-25 16:00,501.54
2025-04-25 17:00,260.49
2025-04-25 18:00,51.736
2025-04-25 19:00,0.0
2025-04-25 20:00,0.0
2025-04-25 21:00,0.0
2025-04-25 22:00,0.0
2025-04-25 23:00,0.0
2025-04-26 00:00,0.0
2025-04-26 01:00,0.0
2025-04-26 02:00,0.0
2025-04-26 03:00,0.0
2025-04-26 04:00,0.0
2025-04-26 05:00,0.0
2025-04-26 06:00,24.53
2025-04-26 07:00,111.71
2025-04-26 08:00,220.35
2025-04-26 09:00,391.61
2025-04-26 10:00,474.02
2025-04-26 11:00,562.47
2025-04-26 12:00,552.04
2025-04-26 13:00,583.34
2025-04-26 14:00,596.68
2025-04-26 15:00,431.78
2025-04-26 16:00,274.35
2025-04-26 17:00,135.3
2025-04-26 18:00,47.379
2025-04-26 19:00,0.0
2025-04-26 20:00,0.0
2025-04-26 21:00,0.0
2025-04-26 22:00,0.0
2025-04-26 23:00,0.0
2025-04-27 00:00,0.0
2025-04-27 01:00,0.0
2025-04-27 02:00,0.0
2025-04-27 03:00,0.0
2025-04-27 04:00,0.0
2025-04-27 05:00,0.0
2025-04-27 06:00,19.454
2025-04-27 07:00,86.837
2025-04-27 08:00,177.5
2025-04-27 09:00,285.19
2025-04-27 10:00,379.94
2025-04-27 11:00,429.28
2025-04-27 12:00,436.93
2025-04-27 13:00,375.66
2025-04-27 14:00,393.97
2025-04-27 15:00,334.77
2025-04-27 16:00,216.59
2025-04-27 17:00,116.62
2025-04-27 18:00,43.436
2025-04-27 19:00,0.0
2025-04-27 20:00,0.0
2025-04-27 21:00,0.0
2025-04-27 22:00,0.0
2025-04-27 23:00,0.0
2025-04-28 00:00,0.0
2025-04-28 01:00,0.0
2025-04-28 02:00,0.0
2025-04-28 03:00,0.0
2025-04-28 04:00,0.0
2025-04-28 05:00,0.0
2025-04-28 06:00,23.764
2025-04-28 07:00,115.83
2025-04-28 08:00,321.4
2025-04-28 09:00,561.18
2025-04-28 10:00,571.3
2025-04-28 11:00,876.75
2025-04-28 12:00,782.22
2025-04-28 13:00,723.45
2025-04-28 14:00,301.11
2025-04-28 15:00,213.76
2025-04-28 16:00,257.57
2025-04-28 17:00,34.576
2025-04-28 18:00,33.687
2025-04-28 19:00,0.0
2025-04-28 20:00,0.0
2025-04-28 21:00,0.0
2025-04-28 22:00,0.0
2025-04-28 23:00,0.0
2025-04-29 00:00,0.0
2025-04-29 01:00,0.0
2025-04-29 02:00,0.0
2025-04-29 03:00,0.0
2025-04-29 04:00,0.0
2025-04-29 05:00,0.0
2025-04-29 06:00,24.259
2025-04-29 07:00,136.83
2025-04-29 08:00,347.34
2025-04-29 09:00,536.37
2025-04-29 10:00,715.07
2025-04-29 11:00,818.27
2025-04-29 12:00,878.16
2025-04-29 13:00,866.06
2025-04-29 14:00,804.51
2025-04-29 15:00,678.43
2025-04-29 16:00,489.54
2025-04-29 17:00,243.42
2025-04-29 18:00,66.633
2025-04-29 19:00,0.0
2025-04-29 20:00,0.0
2025-04-29 21:00,0.0
2025-04-29 22:00,0.0
2025-04-29 23:00,0.0
2025-04-30 00:00,0.0
2025-04-30 01:00,0.0
2025-04-30 02:00,0.0
2025-04-30 03:00,0.0
2025-04-30 04:00,0.0
2025-04-30 05:00,0.0
2025-04-30 06:00,29.943
2025-04-30 07:00,116.99
2025-04-30 08:00,312.39
2025-04-30 09:00,427.37
2025-04-30 10:00,635.79
2025-04-30 11:00,720.34
2025-04-30 12:00,696.74
2025-04-30 13:00,585.22
2025-04-30 14:00,750.55
2025-04-30 15:00,550.23
2025-04-30 16:00,337.37
2025-04-30 17:00,128.02
2025-04-30 18:00,62.346
2025-04-30 19:00,0.0
2025-04-30 20:00,0.0
2025-04-30 21:00,0.0
2025-04-30 22:00,0.0
2025-04-30 23:00,0.0
2025-05-01 00:00,0.0
2025-05-01 01:00,0.0
2025-05-01 02:00,0.0
2025-05-01 03:00,0.0
2025-05-01 04:00,0.0
2025-05-01 05:00,0.0
2025-05-01 06:00,31.413
2025-05-01 07:00,119.22
2025-05-01 08:00,248.08
2025-05-01 09:00,333.76
2025-05-01 10:00,442.5
2025-05-01 11:00,524.67
2025-05-01 12:00,541.0
2025-05-01 13:00,554.78
2025-05-01 14:00,471.9
2025-05-01 15:00,387.21
2025-05-01 16:00,255.31
2025-05-01 17:00,116.95
2025-05-01 18:00,40.394
2025-05-01 19:00,0.0
2025-05-01 20:00,0.0
2025-05-01 21:00,0.0
2025-05-01 22:00,0.0
2025-05-01 23:00,0.0
2025-05-02 00:00,0.0
2025-05-02 01:00,0.0
2025-05-02 02:00,0.0
2025-05-02 03:00,0.0
2025-05-02 04:00,0.0
2025-05-02 05:00,0.0
2025-05-02 06:00,31.438
2025-05-02 07:00,122.92
2025-05-02 08:00,253.98
2025-05-02 09:00,391.68
2025-05-02 10:00,490.53
2025-05-02 11:00,453.09
2025-05-02 12:00,518.45
2025-05-02 13:00,488.36
2025-05-02 14:00,457.54
2025-05-02 15:00,385.18
2025-05-02 16:00,283.74
2025-05-02 17:00,168.23
2025-05-02 18:00,55.588
2025-05-02 19:00,0.0
2025-05-02 20:00,0.0
2025-05-02 21:00,0.0
2025-05-02 22:00,0.0
2025-05-02 23:00,0.0
2025-05-03 00:00,0.0
2025-05-03 01:00,0.0
2025-05-03 02:00,0.0
2025-05-03 03:00,0.0
2025-05-03 04:00,0.0
2025-05-03 05:00,0.0
2025-05-03 06:00,21.994
2025-05-03 07:00,156.6
2025-05-03 08:00,404.33
2025-05-03 09:00,626.12
2025-05-03 10:00,788.19
2025-05-03 11:00,887.36
2025-05-03 12:00,925.94
2025-05-03 13:00,912.31
2025-05-03 14:00,836.87
2025-05-03 15:00,695.67
2025-05-03 16:00,498.83
2025-05-03 17:00,259.83
2025-05-03 18:00,54.915
2025-05-03 19:00,0.0
2025-05-03 20:00,0.0
2025-05-03 21:00,0.0
2025-05-03 22:00,0.0
2025-05-03 23:00,0.0
2025-05-04 00:00,0.0
2025-05-04 01:00,0.0
2025-05-04 02:00,0.0
2025-05-04 03:00,0.0
2025-05-04 04:00,0.0
2025-05-04 05:00,0.0
2025-05-04 06:00,22.301
2025-05-04 07:00,161.03
2025-05-04 08:00,411.8
2025-05-04 09:00,634.83
2025-05-04 10:00,797.23
2025-05-04 11:00,896.62
2025-05-04 12:00,935.19
2025-05-04 13:00,921.07
2025-05-04 14:00,851.33
2025-05-04 15:00,718.25
2025-05-04 16:00,524.28
2025-05-04 17:00,275.07
2025-05-04 18:00,53.375
2025-05-04 19:00,0.0
2025-05-04 20:00,0.0
2025-05-04 21:00,0.0
2025-05-04 22:00,0.0
2025-05-04 23:00,0.0
2025-05-05 00:00,0.0
2025-05-05 01:00,0.0
2025-05-05 02:00,0.0
2025-05-05 03:00,0.0
2025-05-05 04:00,0.0
2025-05-05 05:00,0.0
2025-05-05 06:00,29.469
2025-05-05 07:00,155.22
2025-05-05 08:00,385.54
2025-05-05 09:00,597.0
2025-05-05 10:00,756.84
2025-05-05 11:00,862.64
2025-05-05 12:00,902.98
2025-05-05 13:00,883.72
2025-05-05 14:00,810.88
2025-05-05 15:00,683.67
2025-05-05 16:00,493.24
2025-05-05 17:00,260.89
2025-05-05 18:00,55.291
2025-05-05 19:00,0.0
2025-05-05 20:00,0.0
2025-05-05 21:00,0.0
2025-05-05 22:00,0.0
2025-05-05 23:00,0.0
2025-05-06 00:00,0.0
2025-05-06 01:00,0.0
2025-05-06 02:00,0.0
2025-05-06 03:00,0.0
2025-05-06 04:00,0.0
2025-05-06 05:00,0.0
2025-05-06 06:00,30.296
2025-05-06 07:00,155.88
2025-05-06 08:00,459.09
2025-05-06 09:00,554.54
2025-05-06 10:00,615.56
2025-05-06 11:00,693.99
2025-05-06 12:00,588.49
2025-05-06 13:00,396.81
2025-05-06 14:00,366.85
2025-05-06 15:00,318.45
2025-05-06 16:00,256.93
2025-05-06 17:00,176.07
2025-05-06 18:00,68.316
2025-05-06 19:00,0.9382
2025-05-06 20:00,0.0
2025-05-06 21:00,0.0
2025-05-06 22:00,0.0
2025-05-06 23:00,0.0
2025-05-07 00:00,0.0
2025-05-07 01:00,0.0
2025-05-07 02:00,0.0
2025-05-07 03:00,0.0
2025-05-07 04:00,0.0
2025-05-07 05:00,0.0
2025-05-07 06:00,34.589
2025-05-07 07:00,144.74
2025-05-07 08:00,334.03
2025-05-07 09:00,537.15
2025-05-07 10:00,660.23
2025-05-07 11:00,704.68
2025-05-07 12:00,735.06
2025-05-07 13:00,644.65
2025-05-07 14:00,648.23
2025-05-07 15:00,625.16
2025-05-07 16:00,426.4
2025-05-07 17:00,252.46
2025-05-07 18:00,61.305
2025-05-07 19:00,0.8793
2025-05-07 20:00,0.0
2025-05-07 21:00,0.0
2025-05-07 22:00,0.0
2025-05-07 23:00,0.0
2025-05-08 00:00,0.0
2025-05-08 01:00,0.0
2025-05-08 02:00,0.0
2025-05-08 03:00,0.0
2025-05-08 04:00,0.0
2025-05-08 05:00,0.0
2025-05-08 06:00,36.01
2025-05-08 07:00,149.75
2025-05-08 08:00,343.82
2025-05-08 09:00,480.01
2025-05-08 10:00,629.89
2025-05-08 11:00,684.15
2025-05-08 12:00,708.91
2025-05-08 13:00,786.7
2025-05-08 14:00,769.37
2025-05-08 15:00,525.77
2025-05-08 16:00,333.08
2025-05-08 17:00,145.31
2025-05-08 18:00,53.733
2025-05-08 19:00,0.0
2025-05-08 20:00,0.0
2025-05-08 21:00,0.0
2025-05-08 22:00,0.0
2025-05-08 23:00,0.0
2025-05-09 00:00,0.0
2025-05-09 01:00,0.0
2025-05-09 02:00,0.0
2025-05-09 03:00,0.0
2025-05-09 04:00,0.0
2025-05-09 05:00,0.0
2025-05-09 06:00,37.178
2025-05-09 07:00,115.96
2025-05-09 08:00,276.42
2025-05-09 09:00,424.12
2025-05-09 10:00,633.81
2025-05-09 11:00,685.77
2025-05-09 12:00,830.97
2025-05-09 13:00,743.37
2025-05-09 14:00,691.54
2025-05-09 15:00,639.01
2025-05-09 16:00,480.34
2025-05-09 17:00,262.09
2025-05-09 18:00,58.835
2025-05-09 19:00,3.2469
2025-05-09 20:00,0.0
2025-05-09 21:00,0.0
2025-05-09 22:00,0.0
2025-05-09 23:00,0.0
2025-05-10 00:00,0.0
2025-05-10 01:00,0.0
2025-05-10 02:00,0.0
2025-05-10 03:00,0.0
2025-05-10 04:00,0.0
2025-05-10 05:00,0.0
2025-05-10 06:00,34.04
2025-05-10 07:00,166.1
2025-05-10 08:00,385.27
2025-05-10 09:00,596.56
2025-05-10 10:00,753.46
2025-05-10 11:00,857.29
2025-05-10 12:00,898.06
2025-05-10 13:00,888.56
2025-05-10 14:00,808.97
2025-05-10 15:00,673.95
2025-05-10 16:00,487.56
2025-05-10 17:00,253.44
2025-05-10 18:00,61.551
2025-05-10 19:00,2.1227
2025-05-10 20:00,0.0
2025-05-10 21:00,0.0
2025-05-10 22:00,0.0
2025-05-10 23:00,0.0
2025-05-11 00:00,0.0
2025-05-11 01:00,0.0
2025-05-11 02:00,0.0
2025-05-11 03:00,0.0
2025-05-11 04:00,0.0
2025-05-11 05:00,0.0
2025-05-11 06:00,41.359
2025-05-11 07:00,148.57
2025-05-11 08:00,299.68
2025-05-11 09:00,461.66
2025-05-11 10:00,577.92
2025-05-11 11:00,673.85
2025-05-11 12:00,753.16
2025-05-11 13:00,761.9
2025-05-11 14:00,713.77
2025-05-11 15:00,602.44
2025-05-11 16:00,448.25
2025-05-11 17:00,247.15
2025-05-11 18:00,62.848
2025-05-11 19:00,3.7786
2025-05-11 20:00,0.0
2025-05-11 21:00,0.0
2025-05-11 22:00,0.0
2025-05-11 23:00,0.0
2025-05-12 00:00,0.0
2025-05-12 01:00,0.0
2025-05-12 02:00,0.0
2025-05-12 03:00,0.0
2025-05-12 04:00,0.0
2025-05-12 05:00,0.0
2025-05-12 06:00,36.738
2025-05-12 07:00,65.293
2025-05-12 08:00,54.723
2025-05-12 09:00,130.75
2025-05-12 10:00,184.6
2025-05-12 11:00,209.18
2025-05-12 12:00,189.51
2025-05-12 13:00,108.27
2025-05-12 14:00,199.97
2025-05-12 15:00,400.31
2025-05-12 16:00,367.88
2025-05-12 17:00,212.17
2025-05-12 18:00,79.812
2025-05-12 19:00,2.5186
2025-05-12 20:00,0.0
2025-05-12 21:00,0.0
2025-05-12 22:00,0.0
2025-05-12 23:00,0.0
2025-05-13 00:00,0.0
2025-05-13 01:00,0.0
2025-05-13 02:00,0.0
2025-05-13 03:00,0.0
2025-05-13 04:00,0.0
2025-05-13 05:00,0.0
2025-05-13 06:00,36.667
2025-05-13 07:00,188.76
2025-05-13 08:00,366.68
2025-05-13 09:00,558.92
2025-05-13 10:00,327.54
2025-05-13 11:00,194.92
2025-05-13 12:00,110.07
2025-05-13 13:00,295.34
2025-05-13 14:00,395.17
2025-05-13 15:00,509.8
2025-05-13 16:00,292.46
2025-05-13 17:00,193.61
2025-05-13 18:00,79.999
2025-05-13 19:00,4.271
2025-05-13 20:00,0.0
2025-05-13 21:00,0.0
2025-05-13 22:00,0.0
2025-05-13 23:00,0.0
2025-05-14 00:00,0.0
2025-05-14 01:00,0.0
2025-05-14 02:00,0.0
2025-05-14 03:00,0.0
2025-05-14 04:00,0.0
2025-05-14 05:00,0.0
2025-05-14 06:00,40.782
2025-05-14 07:00,174.07
2025-05-14 08:00,442.36
2025-05-14 09:00,470.84
2025-05-14 10:00,617.95
2025-05-14 11:00,508.58
2025-05-14 12:00,461.84
2025-05-14 13:00,102.35
2025-05-14 14:00,150.72
2025-05-14 15:00,51.443
2025-05-14 16:00,222.22
2025-05-14 17:00,199.47
2025-05-14 18:00,80.605
2025-05-14 19:00,0.0
2025-05-14 20:00,0.0
2025-05-14 21:00,0.0
2025-05-14 22:00,0.0
2025-05-14 23:00,0.0
2025-05-15 00:00,0.0
2025-05-15 01:00,0.0
2025-05-15 02:00,0.0
2025-05-15 03:00,0.0
2025-05-15 04:00,0.0
2025-05-15 05:00,0.0
2025-05-15 06:00,36.088
2025-05-15 07:00,166.21
2025-05-15 08:00,401.55
2025-05-15 09:00,612.77
2025-05-15 10:00,761.34
2025-05-15 11:00,871.4
2025-05-15 12:00,515.17
2025-05-15 13:00,430.14
2025-05-15 14:00,397.92
2025-05-15 15:00,333.17
2025-05-15 16:00,234.2
2025-05-15 17:00,127.3
2025-05-15 18:00,56.108
2025-05-15 19:00,0.0
2025-05-15 20:00,0.0
2025-05-15 21:00,0.0
2025-05-15 22:00,0.0
2025-05-15 23:00,0.0
2025-05-16 00:00,0.0
2025-05-16 01:00,0.0
2025-05-16 02:00,0.0
2025-05-16 03:00,0.0
2025-05-16 04:00,0.0
2025-05-16 05:00,0.0
2025-05-16 06:00,43.46
2025-05-16 07:00,107.94
2025-05-16 08:00,314.77
2025-05-16 09:00,567.52
2025-05-16 10:00,748.37
2025-05-16 11:00,792.22
2025-05-16 12:00,630.83
2025-05-16 13:00,670.12
2025-05-16 14:00,585.79
2025-05-16 15:00,512.0
2025-05-16 16:00,393.79
2025-05-16 17:00,221.69
2025-05-16 18:00,70.749
2025-05-16 19:00,5.2212
2025-05-16 20:00,0.0
2025-05-16 21:00,0.0
2025-05-16 22:00,0.0
2025-05-16 23:00,0.0
2025-05-17 00:00,0.0
2025-05-17 01:00,0.0
2025-05-17 02:00,0.0
2025-05-17 03:00,0.0
2025-05-17 04:00,0.0
2025-05-17 05:00,0.0
2025-05-17 06:00,49.157
2025-05-17 07:00,158.48
2025-05-17 08:00,364.62
2025-05-17 09:00,535.88
2025-05-17 10:00,704.45
2025-05-17 11:00,795.68
2025-05-17 12:00,842.92
2025-05-17 13:00,802.06
2025-05-17 14:00,721.89
2025-05-17 15:00,606.72
2025-05-17 16:00,441.89
2025-05-17 17:00,243.7
2025-05-17 18:00,70.985
2025-05-17 19:00,5.5793
2025-05-17 20:00,0.0
2025-05-17 21:00,0.0
2025-05-17 22:00,0.0
2025-05-17 23:00,0.0
2025-05-18 00:00,0.0
2025-05-18 01:00,0.0
2025-05-18 02:00,0.0
2025-05-18 03:00,0.0
2025-05-18 04:00,0.0
2025-05-18 05:00,0.0
2025-05-18 06:00,28.479
2025-05-18 07:00,170.33
2025-05-18 08:00,412.42
2025-05-18 09:00,622.49
2025-05-18 10:00,776.34
2025-05-18 11:00,867.3
2025-05-18 12:00,906.57
2025-05-18 13:00,884.94
2025-05-18 14:00,814.34
2025-05-18 15:00,686.92
2025-05-18 16:00,501.52
2025-05-18 17:00,266.99
2025-05-18 18:00,63.083
2025-05-18 19:00,6.6671
2025-05-18 20:00,0.0
2025-05-18 21:00,0.0
2025-05-18 22:00,0.0
2025-05-18 23:00,0.0
2025-05-19 00:00,0.0
2025-05-19 01:00,0.0
2025-05-19 02:00,0.0
2025-05-19 03:00,0.0
2025-05-19 04:00,0.0
2025-05-19 05:00,0.0
2025-05-19 06:00,25.106
2025-05-19 07:00,173.63
2025-05-19 08:00,426.15
2025-05-19 09:00,643.14
2025-05-19 10:00,798.87
2025-05-19 11:00,890.93
2025-05-19 12:00,924.13
2025-05-19 13:00,905.28
2025-05-19 14:00,834.15
2025-05-19 15:00,703.12
2025-05-19 16:00,514.18
2025-05-19 17:00,274.1
2025-05-19 18:00,59.304
2025-05-19 19:00,7.2321
2025-05-19 20:00,0.0
2025-05-19 21:00,0.0
2025-05-19 22:00,0.0
2025-05-19 23:00,0.0
2025-05-20 00:00,0.0
2025-05-20 01:00,0.0
2025-05-20 02:00,0.0
2025-05-20 03:00,0.0
2025-05-20 04:00,0.0
2025-05-20 05:00,0.0
2025-05-20 06:00,24.98
2025-05-20 07:00,171.76
2025-05-20 08:00,414.93
2025-05-20 09:00,620.97
2025-05-20 10:00,769.54
2025-05-20 11:00,859.86
2025-05-20 12:00,897.57
2025-05-20 13:00,875.8
2025-05-20 14:00,803.65
2025-05-20 15:00,673.5
2025-05-20 16:00,493.84
2025-05-20 17:00,263.13
2025-05-20 18:00,62.49
2025-05-20 19:00,7.1137
2025-05-20 20:00,0.0
2025-05-20 21:00,0.0
2025-05-20 22:00,0.0
2025-05-20 23:00,0.0
2025-05-21 00:00,0.0
2025-05-21 01:00,0.0
2025-05-21 02:00,0.0
2025-05-21 03:00,0.0
2025-05-21 04:00,0.0
2025-05-21 05:00,0.0
2025-05-21 06:00,34.971
2025-05-21 07:00,169.84
2025-05-21 08:00,384.74
2025-05-21 09:00,592.49
2025-05-21 10:00,727.98
2025-05-21 11:00,811.07
2025-05-21 12:00,843.29
2025-05-21 13:00,829.49
2025-05-21 14:00,748.0
2025-05-21 15:00,623.32
2025-05-21 16:00,460.02
2025-05-21 17:00,250.84
2025-05-21 18:00,72.545
2025-05-21 19:00,8.5899
2025-05-21 20:00,0.0
2025-05-21 21:00,0.0
2025-05-21 22:00,0.0
2025-05-21 23:00,0.0
2025-05-22 00:00,0.0
2025-05-22 01:00,0.0
2025-05-22 02:00,0.0
2025-05-22 03:00,0.0
2025-05-22 04:00,0.0
2025-05-22 05:00,0.0
2025-05-22 06:00,32.885
2025-05-22 07:00,166.47
2025-05-22 08:00,390.11
2025-05-22 09:00,583.99
2025-05-22 10:00,734.97
2025-05-22 11:00,829.52
2025-05-22 12:00,855.39
2025-05-22 13:00,839.43
2025-05-22 14:00,781.31
2025-05-22 15:00,668.91
2025-05-22 16:00,497.06
2025-05-22 17:00,266.16
2025-05-22 18:00,63.442
2025-05-22 19:00,11.549
2025-05-22 20:00,0.0
2025-05-22 21:00,0.0
2025-05-22 22:00,0.0
2025-05-22 23:00,0.0
2025-05-23 00:00,0.0
2025-05-23 01:00,0.0
2025-05-23 02:00,0.0
2025-05-23 03:00,0.0
2025-05-23 04:00,0.0
2025-05-23 05:00,0.0
2025-05-23 06:00,42.466
2025-05-23 07:00,160.66
2025-05-23 08:00,342.48
2025-05-23 09:00,528.99
2025-05-23 10:00,642.19
2025-05-23 11:00,745.87
2025-05-23 12:00,798.11
2025-05-23 13:00,805.6
2025-05-23 14:00,754.25
2025-05-23 15:00,612.17
2025-05-23 16:00,432.7
2025-05-23 17:00,244.43
2025-05-23 18:00,64.86
2025-05-23 19:00,14.124
2025-05-23 20:00,0.0
2025-05-23 21:00,0.0
2025-05-23 22:00,0.0
2025-05-23 23:00,0.0
2025-05-24 00:00,0.0
2025-05-24 01:00,0.0
2025-05-24 02:00,0.0
2025-05-24 03:00,0.0
2025-05-24 04:00,0.0
2025-05-24 05:00,0.0
2025-05-24 06:00,30.153
2025-05-24 07:00,170.36
2025-05-24 08:00,395.99
2025-05-24 09:00,598.51
2025-05-24 10:00,744.31
2025-05-24 11:00,839.2
2025-05-24 12:00,873.06
2025-05-24 13:00,859.67
2025-05-24 14:00,792.03
2025-05-24 15:00,664.49
2025-05-24 16:00,490.3
2025-05-24 17:00,266.72
2025-05-24 18:00,65.498
2025-05-24 19:00,10.91
2025-05-24 20:00,0.0
2025-05-24 21:00,0.0
2025-05-24 22:00,0.0
2025-05-24 23:00,0.0
2025-05-25 00:00,0.0
2025-05-25 01:00,0.0
2025-05-25 02:00,0.0
2025-05-25 03:00,0.0
2025-05-25 04:00,0.0
2025-05-25 05:00,0.0
2025-05-25 06:00,25.932
2025-05-25 07:00,173.61
2025-05-25 08:00,419.08
2025-05-25 09:00,626.29
2025-05-25 10:00,774.71
2025-05-25 11:00,873.36
2025-05-25 12:00,912.26
2025-05-25 13:00,896.48
2025-05-25 14:00,824.55
2025-05-25 15:00,692.46
2025-05-25 16:00,512.35
2025-05-25 17:00,279.66
2025-05-25 18:00,86.246
2025-05-25 19:00,11.702
2025-05-25 20:00,0.0
2025-05-25 21:00,0.0
2025-05-25 22:00,0.0
2025-05-25 23:00,0.0
2025-05-26 00:00,0.0
2025-05-26 01:00,0.0
2025-05-26 02:00,0.0
2025-05-26 03:00,0.0
2025-05-26 04:00,0.0
2025-05-26 05:00,0.0
2025-05-26 06:00,46.135
2025-05-26 07:00,140.09
2025-05-26 08:00,247.6
2025-05-26 09:00,561.03
2025-05-26 10:00,855.58
2025-05-26 11:00,628.67
2025-05-26 12:00,476.66
2025-05-26 13:00,624.4
2025-05-26 14:00,619.18
2025-05-26 15:00,442.92
2025-05-26 16:00,246.55
2025-05-26 17:00,139.86
2025-05-26 18:00,80.553
2025-05-26 19:00,6.6783
2025-05-26 20:00,0.0
2025-05-26 21:00,0.0
2025-05-26 22:00,0.0
2025-05-26 23:00,0.0
2025-05-27 00:00,0.0
2025-05-27 01:00,0.0
2025-05-27 02:00,0.0
2025-05-27 03:00,0.0
2025-05-27 04:00,0.0
2025-05-27 05:00,0.0
2025-05-27 06:00,25.373
2025-05-27 07:00,179.34
2025-05-27 08:00,434.22
2025-05-27 09:00,651.18
2025-05-27 10:00,806.55
2025-05-27 11:00,902.52
2025-05-27 12:00,938.0
2025-05-27 13:00,923.26
2025-05-27 14:00,852.07
2025-05-27 15:00,723.73
2025-05-27 16:00,535.38
2025-05-27 17:00,291.37
2025-05-27 18:00,89.529
2025-05-27 19:00,13.686
2025-05-27 20:00,0.0
2025-05-27 21:00,0.0
2025-05-27 22:00,0.0
2025-05-27 23:00,0.0
2025-05-28 00:00,0.0
2025-05-28 01:00,0.0
2025-05-28 02:00,0.0
2025-05-28 03:00,0.0
2025-05-28 04:00,0.0
2025-05-28 05:00,0.0
2025-05-28 06:00,31.289
2025-05-28 07:00,168.15
2025-05-28 08:00,401.33
2025-05-28 09:00,605.66
2025-05-28 10:00,756.59
2025-05-28 11:00,847.84
2025-05-28 12:00,877.65
2025-05-28 13:00,871.35
2025-05-28 14:00,796.76
2025-05-28 15:00,675.25
2025-05-28 16:00,495.55
2025-05-28 17:00,271.08
2025-05-28 18:00,88.294
2025-05-28 19:00,14.104
2025-05-28 20:00,0.0
2025-05-28 21:00,0.0
2025-05-28 22:00,0.0
2025-05-28 23:00,0.0
2025-05-29 00:00,0.0
2025-05-29 01:00,0.0
2025-05-29 02:00,0.0
2025-05-29 03:00,0.0
2025-05-29 04:00,0.0
2025-05-29 05:00,0.0
2025-05-29 06:00,34.02
2025-05-29 07:00,167.66
2025-05-29 08:00,388.43
2025-05-29 09:00,585.73
2025-05-29 10:00,736.55
2025-05-29 11:00,821.55
2025-05-29 12:00,853.62
2025-05-29 13:00,844.62
2025-05-29 14:00,778.95
2025-05-29 15:00,655.95
2025-05-29 16:00,485.14
2025-05-29 17:00,267.85
2025-05-29 18:00,68.063
2025-05-29 19:00,21.762
2025-05-29 20:00,0.0
2025-05-29 21:00,0.0
2025-05-29 22:00,0.0
2025-05-29 23:00,0.0
2025-05-30 00:00,0.0
2025-05-30 01:00,0.0
2025-05-30 02:00,0.0
2025-05-30 03:00,0.0
2025-05-30 04:00,0.0
2025-05-30 05:00,0.0
2025-05-30 06:00,42.713
2025-05-30 07:00,162.65
2025-05-30 08:00,365.4
2025-05-30 09:00,549.38
2025-05-30 10:00,700.56
2025-05-30 11:00,790.66
2025-05-30 12:00,837.98
2025-05-30 13:00,832.82
2025-05-30 14:00,771.41
2025-05-30 15:00,645.12
2025-05-30 16:00,469.83
2025-05-30 17:00,262.18
2025-05-30 18:00,74.565
2025-05-30 19:00,15.662
2025-05-30 20:00,0.0
2025-05-30 21:00,0.0
2025-05-30 22:00,0.0
2025-05-30 23:00,0.0
2025-05-31 00:00,0.0
2025-05-31 01:00,0.0
2025-05-31 02:00,0.0
2025-05-31 03:00,0.0
2025-05-31 04:00,0.0
2025-05-31 05:00,0.0
2025-05-31 06:00,26.818
2025-05-31 07:00,173.65
2025-05-31 08:00,423.65
2025-05-31 09:00,642.88
2025-05-31 10:00,856.78
2025-05-31 11:00,910.76
2025-05-31 12:00,498.09
2025-05-31 13:00,352.6
2025-05-31 14:00,377.55
2025-05-31 15:00,612.04
2025-05-31 16:00,313.89
2025-05-31 17:00,105.38
2025-05-31 18:00,10.007
2025-05-31 19:00,0.0
2025-05-31 20:00,0.0
2025-05-31 21:00,0.0
2025-05-31 22:00,0.0
2025-05-31 23:00,0.0
2025-06-01 00:00,0.0
2025-06-01 01:00,0.0
2025-06-01 02:00,0.0
2025-06-01 03:00,0.0
2025-06-01 04:00,0.0
2025-06-01 05:00,0.0
2025-06-01 06:00,45.553
2025-06-01 07:00,188.56
2025-06-01 08:00,431.0
2025-06-01 09:00,651.71
2025-06-01 10:00,787.19
2025-06-01 11:00,894.37
2025-06-01 12:00,397.56
2025-06-01 13:00,348.7
2025-06-01 14:00,162.3
2025-06-01 15:00,50.978
2025-06-01 16:00,38.819
2025-06-01 17:00,24.929
2025-06-01 18:00,9.9091
2025-06-01 19:00,0.0
2025-06-01 20:00,0.0
2025-06-01 21:00,0.0
2025-06-01 22:00,0.0
2025-06-01 23:00,0.0
2025-06-02 00:00,0.0
2025-06-02 01:00,0.0
2025-06-02 02:00,0.0
2025-06-02 03:00,0.0
2025-06-02 04:00,0.0
2025-06-02 05:00,0.0
2025-06-02 06:00,39.546
2025-06-02 07:00,176.23
2025-06-02 08:00,427.64
2025-06-02 09:00,540.16
2025-06-02 10:00,694.77
2025-06-02 11:00,939.72
2025-06-02 12:00,440.77
2025-06-02 13:00,386.98
2025-06-02 14:00,111.45
2025-06-02 15:00,341.71
2025-06-02 16:00,296.89
2025-06-02 17:00,180.37
2025-06-02 18:00,27.861
2025-06-02 19:00,27.095
2025-06-02 20:00,0.0
2025-06-02 21:00,0.0
2025-06-02 22:00,0.0
2025-06-02 23:00,0.0
2025-06-03 00:00,0.0
2025-06-03 01:00,0.0
2025-06-03 02:00,0.0
2025-06-03 03:00,0.0
2025-06-03 04:00,0.0
2025-06-03 05:00,0.0
2025-06-03 06:00,32.49
2025-06-03 07:00,168.52
2025-06-03 08:00,387.38
2025-06-03 09:00,587.78
2025-06-03 10:00,732.9
2025-06-03 11:00,829.74
2025-06-03 12:00,865.08
2025-06-03 13:00,840.93
2025-06-03 14:00,759.35
2025-06-03 15:00,643.14
2025-06-03 16:00,471.54
2025-06-03 17:00,264.08
2025-06-03 18:00,75.287
2025-06-03 19:00,18.46
2025-06-03 20:00,0.0
2025-06-03 21:00,0.0
2025-06-03 22:00,0.0
2025-06-03 23:00,0.0
2025-06-04 00:00,0.0
2025-06-04 01:00,0.0
2025-06-04 02:00,0.0
2025-06-04 03:00,0.0
2025-06-04 04:00,0.0
2025-06-04 05:00,0.0
2025-06-04 06:00,31.242
2025-06-04 07:00,172.02
2025-06-04 08:00,408.52
2025-06-04 09:00,618.92
2025-06-04 10:00,767.37
2025-06-04 11:00,858.86
2025-06-04 12:00,901.64
2025-06-04 13:00,889.24
2025-06-04 14:00,817.4
2025-06-04 15:00,691.48
2025-06-04 16:00,511.54
2025-06-04 17:00,282.79
2025-06-04 18:00,75.674
2025-06-04 19:00,20.445
2025-06-04 20:00,0.0
2025-06-04 21:00,0.0
2025-06-04 22:00,0.0
2025-06-04 23:00,0.0
2025-06-05 00:00,0.0
2025-06-05 01:00,0.0
2025-06-05 02:00,0.0
2025-06-05 03:00,0.0
2025-06-05 04:00,0.0
2025-06-05 05:00,0.0
2025-06-05 06:00,40.204
2025-06-05 07:00,166.29
2025-06-05 08:00,380.88
2025-06-05 09:00,579.51
2025-06-05 10:00,724.93
2025-06-05 11:00,805.98
2025-06-05 12:00,830.62
2025-06-05 13:00,804.14
2025-06-05 14:00,733.85
2025-06-05 15:00,616.73
2025-06-05 16:00,456.6
2025-06-05 17:00,258.69
2025-06-05 18:00,78.512
2025-06-05 19:00,24.461
2025-06-05 20:00,0.0
2025-06-05 21:00,0.0
2025-06-05 22:00,0.0
2025-06-05 23:00,0.0
2025-06-06 00:00,0.0
2025-06-06 01:00,0.0
2025-06-06 02:00,0.0
2025-06-06 03:00,0.0
2025-06-06 04:00,0.0
2025-06-06 05:00,0.0
2025-06-06 06:00,51.265
2025-06-06 07:00,140.44
2025-06-06 08:00,258.25
2025-06-06 09:00,376.13
2025-06-06 10:00,574.47
2025-06-06 11:00,534.42
2025-06-06 12:00,642.63
2025-06-06 13:00,460.94
2025-06-06 14:00,522.08
2025-06-06 15:00,429.83
2025-06-06 16:00,356.89
2025-06-06 17:00,177.17
2025-06-06 18:00,70.591
2025-06-06 19:00,20.234
2025-06-06 20:00,0.0
2025-06-06 21:00,0.0
2025-06-06 22:00,0.0
2025-06-06 23:00,0.0
2025-06-07 00:00,0.0
2025-06-07 01:00,0.0
2025-06-07 02:00,0.0
2025-06-07 03:00,0.0
2025-06-07 04:00,0.0
2025-06-07 05:00,0.0
2025-06-07 06:00,37.97
2025-06-07 07:00,170.77
2025-06-07 08:00,374.67
2025-06-07 09:00,566.69
2025-06-07 10:00,687.83
2025-06-07 11:00,742.18
2025-06-07 12:00,761.41
2025-06-07 13:00,688.59
2025-06-07 14:00,641.91
2025-06-07 15:00,535.7
2025-06-07 16:00,430.44
2025-06-07 17:00,241.33
2025-06-07 18:00,81.243
2025-06-07 19:00,19.932
2025-06-07 20:00,0.0
2025-06-07 21:00,0.0
2025-06-07 22:00,0.0
2025-06-07 23:00,0.0
2025-06-08 00:00,0.0
2025-06-08 01:00,0.0
2025-06-08 02:00,0.0
2025-06-08 03:00,0.0
2025-06-08 04:00,0.0
2025-06-08 05:00,0.0
2025-06-08 06:00,29.758
2025-06-08 07:00,167.5
2025-06-08 08:00,403.02
2025-06-08 09:00,604.61
2025-06-08 10:00,748.22
2025-06-08 11:00,840.96
2025-06-08 12:00,879.38
2025-06-08 13:00,862.73
2025-06-08 14:00,796.84
2025-06-08 15:00,673.64
2025-06-08 16:00,503.22
2025-06-08 17:00,283.35
2025-06-08 18:00,72.75
2025-06-08 19:00,21.297
2025-06-08 20:00,0.0
2025-06-08 21:00,0.0
2025-06-08 22:00,0.0
2025-06-08 23:00,0.0
2025-06-09 00:00,0.0
2025-06-09 01:00,0.0
2025-06-09 02:00,0.0
2025-06-09 03:00,0.0
2025-06-09 04:00,0.0
2025-06-09 05:00,0.0
2025-06-09 06:00,38.961
2025-06-09 07:00,165.48
2025-06-09 08:00,389.38
2025-06-09 09:00,597.15
2025-06-09 10:00,743.57
2025-06-09 11:00,842.24
2025-06-09 12:00,880.63
2025-06-09 13:00,866.54
2025-06-09 14:00,808.31
2025-06-09 15:00,688.26
2025-06-09 16:00,512.7
2025-06-09 17:00,286.59
2025-06-09 18:00,75.003
2025-06-09 19:00,22.661
2025-06-09 20:00,0.0
2025-06-09 21:00,0.0
2025-06-09 22:00,0.0
2025-06-09 23:00,0.0
2025-06-10 00:00,0.0
2025-06-10 01:00,0.0
2025-06-10 02:00,0.0
2025-06-10 03:00,0.0
2025-06-10 04:00,0.0
2025-06-10 05:00,0.0
2025-06-10 06:00,30.755
2025-06-10 07:00,167.95
2025-06-10 08:00,401.09
2025-06-10 09:00,610.67
2025-06-10 10:00,763.71
2025-06-10 11:00,861.28
2025-06-10 12:00,897.21
2025-06-10 13:00,886.15
2025-06-10 14:00,815.06
2025-06-10 15:00,692.83
2025-06-10 16:00,519.48
2025-06-10 17:00,292.57
2025-06-10 18:00,75.425
2025-06-10 19:00,23.022
2025-06-10 20:00,0.0
2025-06-10 21:00,0.0
2025-06-10 22:00,0.0
2025-06-10 23:00,0.0
2025-06-11 00:00,0.0
2025-06-11 01:00,0.0
2025-06-11 02:00,0.0
2025-06-11 03:00,0.0
2025-06-11 04:00,0.0
2025-06-11 05:00,0.0
2025-06-11 06:00,37.112
2025-06-11 07:00,165.0
2025-06-11 08:00,393.25
2025-06-11 09:00,600.67
2025-06-11 10:00,747.43
2025-06-11 11:00,838.75
2025-06-11 12:00,878.2
2025-06-11 13:00,851.98
2025-06-11 14:00,780.36
2025-06-11 15:00,655.01
2025-06-11 16:00,479.05
2025-06-11 17:00,268.13
2025-06-11 18:00,83.28
2025-06-11 19:00,24.333
2025-06-11 20:00,0.0
2025-06-11 21:00,0.0
2025-06-11 22:00,0.0
2025-06-11 23:00,0.0
2025-06-12 00:00,0.0
2025-06-12 01:00,0.0
2025-06-12 02:00,0.0
2025-06-12 03:00,0.0
2025-06-12 04:00,0.0
2025-06-12 05:00,0.0
2025-06-12 06:00,31.391
2025-06-12 07:00,163.53
2025-06-12 08:00,399.28
2025-06-12 09:00,605.24
2025-06-12 10:00,751.57
2025-06-12 11:00,841.45
2025-06-12 12:00,882.32
2025-06-12 13:00,867.94
2025-06-12 14:00,801.82
2025-06-12 15:00,680.36
2025-06-12 16:00,504.43
2025-06-12 17:00,280.62
2025-06-12 18:00,77.251
2025-06-12 19:00,20.27
2025-06-12 20:00,0.0
2025-06-12 21:00,0.0
2025-06-12 22:00,0.0
2025-06-12 23:00,0.0
2025-06-13 00:00,0.0
2025-06-13 01:00,0.0
2025-06-13 02:00,0.0
2025-06-13 03:00,0.0
2025-06-13 04:00,0.0
2025-06-13 05:00,0.0
2025-06-13 06:00,38.729
2025-06-13 07:00,160.17
2025-06-13 08:00,365.21
2025-06-13 09:00,571.83
2025-06-13 10:00,663.06
2025-06-13 11:00,736.9
2025-06-13 12:00,732.78
2025-06-13 13:00,715.87
2025-06-13 14:00,690.03
2025-06-13 15:00,588.94
2025-06-13 16:00,438.66
2025-06-13 17:00,264.42
2025-06-13 18:00,81.823
2025-06-13 19:00,27.992
2025-06-13 20:00,0.0
2025-06-13 21:00,0.0
2025-06-13 22:00,0.0
2025-06-13 23:00,0.0
2025-06-14 00:00,0.0
2025-06-14 01:00,0.0
2025-06-14 02:00,0.0
2025-06-14 03:00,0.0
2025-06-14 04:00,0.0
2025-06-14 05:00,0.0
2025-06-14 06:00,32.238
2025-06-14 07:00,163.11
2025-06-14 08:00,386.63
2025-06-14 09:00,587.48
2025-06-14 10:00,732.47
2025-06-14 11:00,831.74
2025-06-14 12:00,867.99
2025-06-14 13:00,861.99
2025-06-14 14:00,795.05
2025-06-14 15:00,673.47
2025-06-14 16:00,506.02
2025-06-14 17:00,284.64
2025-06-14 18:00,75.276
2025-06-14 19:00,22.106
2025-06-14 20:00,0.0
2025-06-14 21:00,0.0
2025-06-14 22:00,0.0
2025-06-14 23:00,0.0
2025-06-15 00:00,0.0
2025-06-15 01:00,0.0
2025-06-15 02:00,0.0
2025-06-15 03:00,0.0
2025-06-15 04:00,0.0
2025-06-15 05:00,0.0
2025-06-15 06:00,46.81
2025-06-15 07:00,157.48
2025-06-15 08:00,330.44
2025-06-15 09:00,481.63
2025-06-15 10:00,603.51
2025-06-15 11:00,743.75
2025-06-15 12:00,780.68
2025-06-15 13:00,810.03
2025-06-15 14:00,696.67
2025-06-15 15:00,594.96
2025-06-15 16:00,440.0
2025-06-15 17:00,252.47
2025-06-15 18:00,103.83
2025-06-15 19:00,22.51
2025-06-15 20:00,0.0
2025-06-15 21:00,0.0
2025-06-15 22:00,0.0
2025-06-15 23:00,0.0
2025-06-16 00:00,0.0
2025-06-16 01:00,0.0
2025-06-16 02:00,0.0
2025-06-16 03:00,0.0
2025-06-16 04:00,0.0
2025-06-16 05:00,0.0
2025-06-16 06:00,36.721
2025-06-16 07:00,160.42
2025-06-16 08:00,378.73
2025-06-16 09:00,577.5
2025-06-16 10:00,709.27
2025-06-16 11:00,783.21
2025-06-16 12:00,827.24
2025-06-16 13:00,781.77
2025-06-16 14:00,711.43
2025-06-16 15:00,599.27
2025-06-16 16:00,448.73
2025-06-16 17:00,267.63
2025-06-16 18:00,90.705
2025-06-16 19:00,25.918
2025-06-16 20:00,0.0
2025-06-16 21:00,0.0
2025-06-16 22:00,0.0
2025-06-16 23:00,0.0
2025-06-17 00:00,0.0
2025-06-17 01:00,0.0
2025-06-17 02:00,0.0
2025-06-17 03:00,0.0
2025-06-17 04:00,0.0
2025-06-17 05:00,0.0
2025-06-17 06:00,25.578
2025-06-17 07:00,165.96
2025-06-17 08:00,406.17
2025-06-17 09:00,617.96
2025-06-17 10:00,767.91
2025-06-17 11:00,863.47
2025-06-17 12:00,902.03
2025-06-17 13:00,889.83
2025-06-17 14:00,822.09
2025-06-17 15:00,695.01
2025-06-17 16:00,518.75
2025-06-17 17:00,292.11
2025-06-17 18:00,76.41
2025-06-17 19:00,20.373
2025-06-17 20:00,0.0
2025-06-17 21:00,0.0
2025-06-17 22:00,0.0
2025-06-17 23:00,0.0
2025-06-18 00:00,0.0
2025-06-18 01:00,0.0
2025-06-18 02:00,0.0
2025-06-18 03:00,0.0
2025-06-18 04:00,0.0
2025-06-18 05:00,0.0
2025-06-18 06:00,38.237
2025-06-18 07:00,157.31
2025-06-18 08:00,362.83
2025-06-18 09:00,551.75
2025-06-18 10:00,695.12
2025-06-18 11:00,782.84
2025-06-18 12:00,821.15
2025-06-18 13:00,809.34
2025-06-18 14:00,749.41
2025-06-18 15:00,634.92
2025-06-18 16:00,472.75
2025-06-18 17:00,270.46
2025-06-18 18:00,86.29
2025-06-18 19:00,23.517
2025-06-18 20:00,0.0
2025-06-18 21:00,0.0
2025-06-18 22:00,0.0
2025-06-18 23:00,0.0
2025-06-19 00:00,0.0
2025-06-19 01:00,0.0
2025-06-19 02:00,0.0
2025-06-19 03:00,0.0
2025-06-19 04:00,0.0
2025-06-19 05:00,0.0
2025-06-19 06:00,39.991
2025-06-19 07:00,152.61
2025-06-19 08:00,342.32
2025-06-19 09:00,518.22
2025-06-19 10:00,652.99
2025-06-19 11:00,742.53
2025-06-19 12:00,781.62
2025-06-19 13:00,772.72
2025-06-19 14:00,706.83
2025-06-19 15:00,593.95
2025-06-19 16:00,442.71
2025-06-19 17:00,258.52
2025-06-19 18:00,86.505
2025-06-19 19:00,23.554
2025-06-19 20:00,0.0
2025-06-19 21:00,0.0
2025-06-19 22:00,0.0
2025-06-19 23:00,0.0
2025-06-20 00:00,0.0
2025-06-20 01:00,0.0
2025-06-20 02:00,0.0
2025-06-20 03:00,0.0
2025-06-20 04:00,0.0
2025-06-20 05:00,0.0
2025-06-20 06:00,30.708
2025-06-20 07:00,155.16
2025-06-20 08:00,386.68
2025-06-20 09:00,593.28
2025-06-20 10:00,737.3
2025-06-20 11:00,829.72
2025-06-20 12:00,861.71
2025-06-20 13:00,852.23
2025-06-20 14:00,785.9
2025-06-20 15:00,665.62
2025-06-20 16:00,496.96
2025-06-20 17:00,280.37
2025-06-20 18:00,81.264
2025-06-20 19:00,21.459
2025-06-20 20:00,0.0
2025-06-20 21:00,0.0
2025-06-20 22:00,0.0
2025-06-20 23:00,0.0
2025-06-21 00:00,0.0
2025-06-21 01:00,0.0
2025-06-21 02:00,0.0
2025-06-21 03:00,0.0
2025-06-21 04:00,0.0
2025-06-21 05:00,0.0
2025-06-21 06:00,41.867
2025-06-21 07:00,152.68
2025-06-21 08:00,346.37
2025-06-21 09:00,523.19
2025-06-21 10:00,657.24
2025-06-21 11:00,744.77
2025-06-21 12:00,782.32
2025-06-21 13:00,772.31
2025-06-21 14:00,714.18
2025-06-21 15:00,607.91
2025-06-21 16:00,451.59
2025-06-21 17:00,263.41
2025-06-21 18:00,87.988
2025-06-21 19:00,24.123
2025-06-21 20:00,0.0
2025-06-21 21:00,0.0
2025-06-21 22:00,0.0
2025-06-21 23:00,0.0
2025-06-22 00:00,0.0
2025-06-22 01:00,0.0
2025-06-22 02:00,0.0
2025-06-22 03:00,0.0
2025-06-22 04:00,0.0
2025-06-22 05:00,0.0
2025-06-22 06:00,36.78
2025-06-22 07:00,157.2
2025-06-22 08:00,344.11
2025-06-22 09:00,514.76
2025-06-22 10:00,649.75
2025-06-22 11:00,754.98
2025-06-22 12:00,798.83
2025-06-22 13:00,785.67
2025-06-22 14:00,727.33
2025-06-22 15:00,610.97
2025-06-22 16:00,463.06
2025-06-22 17:00,274.5
2025-06-22 18:00,87.015
2025-06-22 19:00,26.425
2025-06-22 20:00,0.0
2025-06-22 21:00,0.0
2025-06-22 22:00,0.0
2025-06-22 23:00,0.0
2025-06-23 00:00,0.0
2025-06-23 01:00,0.0
2025-06-23 02:00,0.0
2025-06-23 03:00,0.0
2025-06-23 04:00,0.0
2025-06-23 05:00,0.0
2025-06-23 06:00,38.065
2025-06-23 07:00,154.27
2025-06-23 08:00,364.05
2025-06-23 09:00,560.49
2025-06-23 10:00,702.79
2025-06-23 11:00,800.71
2025-06-23 12:00,830.91
2025-06-23 13:00,816.75
2025-06-23 14:00,768.3
2025-06-23 15:00,656.02
2025-06-23 16:00,488.21
2025-06-23 17:00,280.51
2025-06-23 18:00,85.992
2025-06-23 19:00,26.774
2025-06-23 20:00,0.0
2025-06-23 21:00,0.0
2025-06-23 22:00,0.0
2025-06-23 23:00,0.0
2025-06-24 00:00,0.0
2025-06-24 01:00,0.0
2025-06-24 02:00,0.0
2025-06-24 03:00,0.0
2025-06-24 04:00,0.0
2025-06-24 05:00,0.0
2025-06-24 06:00,36.01
2025-06-24 07:00,153.74
2025-06-24 08:00,360.6
2025-06-24 09:00,553.04
2025-06-24 10:00,688.77
2025-06-24 11:00,773.95
2025-06-24 12:00,816.93
2025-06-24 13:00,797.47
2025-06-24 14:00,726.02
2025-06-24 15:00,629.65
2025-06-24 16:00,479.72
2025-06-24 17:00,277.98
2025-06-24 18:00,93.259
2025-06-24 19:00,26.869
2025-06-24 20:00,0.0
2025-06-24 21:00,0.0
2025-06-24 22:00,0.0
2025-06-24 23:00,0.0
2025-06-25 00:00,0.0
2025-06-25 01:00,0.0
2025-06-25 02:00,0.0
2025-06-25 03:00,0.0
2025-06-25 04:00,0.0
2025-06-25 05:00,0.0
2025-06-25 06:00,37.593
2025-06-25 07:00,152.06
2025-06-25 08:00,368.23
2025-06-25 09:00,569.9
2025-06-25 10:00,712.95
2025-06-25 11:00,806.81
2025-06-25 12:00,846.25
2025-06-25 13:00,833.44
2025-06-25 14:00,766.23
2025-06-25 15:00,655.67
2025-06-25 16:00,492.55
2025-06-25 17:00,281.86
2025-06-25 18:00,85.913
2025-06-25 19:00,23.114
2025-06-25 20:00,0.0
2025-06-25 21:00,0.0
2025-06-25 22:00,0.0
2025-06-25 23:00,0.0
2025-06-26 00:00,0.0
2025-06-26 01:00,0.0
2025-06-26 02:00,0.0
2025-06-26 03:00,0.0
2025-06-26 04:00,0.0
2025-06-26 05:00,0.0
2025-06-26 06:00,45.471
2025-06-26 07:00,148.33
2025-06-26 08:00,326.35
2025-06-26 09:00,488.34
2025-06-26 10:00,619.87
2025-06-26 11:00,706.61
2025-06-26 12:00,740.98
2025-06-26 13:00,725.34
2025-06-26 14:00,677.16
2025-06-26 15:00,571.18
2025-06-26 16:00,425.2
2025-06-26 17:00,259.34
2025-06-26 18:00,92.424
2025-06-26 19:00,25.623
2025-06-26 20:00,0.0
2025-06-26 21:00,0.0
2025-06-26 22:00,0.0
2025-06-26 23:00,0.0
2025-06-27 00:00,0.0
2025-06-27 01:00,0.0
2025-06-27 02:00,0.0
2025-06-27 03:00,0.0
2025-06-27 04:00,0.0
2025-06-27 05:00,0.0
2025-06-27 06:00,43.351
2025-06-27 07:00,99.325
2025-06-27 08:00,175.59
2025-06-27 09:00,225.72
2025-06-27 10:00,358.11
2025-06-27 11:00,506.78
2025-06-27 12:00,540.44
2025-06-27 13:00,641.78
2025-06-27 14:00,610.84
2025-06-27 15:00,554.52
2025-06-27 16:00,487.65
2025-06-27 17:00,269.26
2025-06-27 18:00,101.31
2025-06-27 19:00,29.866
2025-06-27 20:00,0.0
2025-06-27 21:00,0.0
2025-06-27 22:00,0.0
2025-06-27 23:00,0.0
2025-06-28 00:00,0.0
2025-06-28 01:00,0.0
2025-06-28 02:00,0.0
2025-06-28 03:00,0.0
2025-06-28 04:00,0.0
2025-06-28 05:00,0.0
2025-06-28 06:00,46.27
2025-06-28 07:00,135.43
2025-06-28 08:00,283.51
2025-06-28 09:00,408.36
2025-06-28 10:00,460.04
2025-06-28 11:00,563.58
2025-06-28 12:00,572.27
2025-06-28 13:00,672.68
2025-06-28 14:00,566.62
2025-06-28 15:00,479.91
2025-06-28 16:00,377.38
2025-06-28 17:00,269.03
2025-06-28 18:00,103.41
2025-06-28 19:00,24.601
2025-06-28 20:00,0.0
2025-06-28 21:00,0.0
2025-06-28 22:00,0.0
2025-06-28 23:00,0.0
2025-06-29 00:00,0.0
2025-06-29 01:00,0.0
2025-06-29 02:00,0.0
2025-06-29 03:00,0.0
2025-06-29 04:00,0.0
2025-06-29 05:00,0.0
2025-06-29 06:00,42.899
2025-06-29 07:00,147.63
2025-06-29 08:00,327.75
2025-06-29 09:00,486.54
2025-06-29 10:00,614.42
2025-06-29 11:00,710.49
2025-06-29 12:00,749.63
2025-06-29 13:00,727.78
2025-06-29 14:00,681.2
2025-06-29 15:00,569.79
2025-06-29 16:00,425.75
2025-06-29 17:00,256.57
2025-06-29 18:00,96.747
2025-06-29 19:00,26.675
2025-06-29 20:00,0.0
2025-06-29 21:00,0.0
2025-06-29 22:00,0.0
2025-06-29 23:00,0.0
2025-06-30 00:00,0.0
2025-06-30 01:00,0.0
2025-06-30 02:00,0.0
2025-06-30 03:00,0.0
2025-06-30 04:00,0.0
2025-06-30 05:00,0.0
2025-06-30 06:00,38.638
2025-06-30 07:00,152.33
2025-06-30 08:00,355.16
2025-06-30 09:00,542.93
2025-06-30 10:00,667.79
2025-06-30 11:00,758.2
2025-06-30 12:00,793.61
2025-06-30 13:00,785.48
2025-06-30 14:00,740.64
2025-06-30 15:00,635.5
2025-06-30 16:00,459.09
2025-06-30 17:00,268.19
2025-06-30 18:00,92.493
2025-06-30 19:00,29.207
2025-06-30 20:00,0.0
2025-06-30 21:00,0.0
2025-06-30 22:00,0.0
2025-06-30 23:00,0.0
2025-07-01 00:00,0.0
2025-07-01 01:00,0.0
2025-07-01 02:00,0.0
2025-07-01 03:00,0.0
2025-07-01 04:00,0.0
2025-07-01 05:00,0.0
2025-07-01 06:00,34.431
2025-07-01 07:00,148.6
2025-07-01 08:00,363.05
2025-07-01 09:00,561.85
2025-07-01 10:00,718.17
2025-07-01 11:00,804.62
2025-07-01 12:00,834.77
2025-07-01 13:00,821.26
2025-07-01 14:00,759.24
2025-07-01 15:00,651.5
2025-07-01 16:00,495.58
2025-07-01 17:00,288.53
2025-07-01 18:00,88.692
2025-07-01 19:00,23.134
2025-07-01 20:00,0.0
2025-07-01 21:00,0.0
2025-07-01 22:00,0.0
2025-07-01 23:00,0.0
2025-07-02 00:00,0.0
2025-07-02 01:00,0.0
2025-07-02 02:00,0.0
2025-07-02 03:00,0.0
2025-07-02 04:00,0.0
2025-07-02 05:00,0.0
2025-07-02 06:00,36.998
2025-07-02 07:00,164.9
2025-07-02 08:00,415.39
2025-07-02 09:00,633.48
2025-07-02 10:00,584.3
2025-07-02 11:00,839.38
2025-07-02 12:00,615.28
2025-07-02 13:00,394.05
2025-07-02 14:00,156.2
2025-07-02 15:00,150.01
2025-07-02 16:00,39.916
2025-07-02 17:00,26.946
2025-07-02 18:00,12.294
2025-07-02 19:00,0.0
2025-07-02 20:00,0.0
2025-07-02 21:00,0.0
2025-07-02 22:00,0.0
2025-07-02 23:00,0.0
2025-07-03 00:00,0.0
2025-07-03 01:00,0.0
2025-07-03 02:00,0.0
2025-07-03 03:00,0.0
2025-07-03 04:00,0.0
2025-07-03 05:00,0.0
2025-07-03 06:00,36.528
2025-07-03 07:00,145.99
2025-07-03 08:00,360.02
2025-07-03 09:00,562.86
2025-07-03 10:00,707.64
2025-07-03 11:00,804.95
2025-07-03 12:00,842.69
2025-07-03 13:00,838.51
2025-07-03 14:00,772.46
2025-07-03 15:00,667.06
2025-07-03 16:00,504.48
2025-07-03 17:00,295.33
2025-07-03 18:00,85.598
2025-07-03 19:00,26.784
2025-07-03 20:00,0.0
2025-07-03 21:00,0.0
2025-07-03 22:00,0.0
2025-07-03 23:00,0.0
2025-07-04 00:00,0.0
2025-07-04 01:00,0.0
2025-07-04 02:00,0.0
2025-07-04 03:00,0.0
2025-07-04 04:00,0.0
2025-07-04 05:00,0.0
2025-07-04 06:00,39.326
2025-07-04 07:00,144.87
2025-07-04 08:00,342.04
2025-07-04 09:00,521.62
2025-07-04 10:00,657.08
2025-07-04 11:00,750.62
2025-07-04 12:00,789.95
2025-07-04 13:00,777.76
2025-07-04 14:00,718.91
2025-07-04 15:00,615.57
2025-07-04 16:00,460.37
2025-07-04 17:00,272.06
2025-07-04 18:00,92.867
2025-07-04 19:00,24.84
2025-07-04 20:00,0.0
2025-07-04 21:00,0.0
2025-07-04 22:00,0.0
2025-07-04 23:00,0.0
2025-07-05 00:00,0.0
2025-07-05 01:00,0.0
2025-07-05 02:00,0.0
2025-07-05 03:00,0.0
2025-07-05 04:00,0.0
2025-07-05 05:00,0.0
2025-07-05 06:00,39.709
2025-07-05 07:00,146.28
2025-07-05 08:00,332.18
2025-07-05 09:00,505.79
2025-07-05 10:00,641.91
2025-07-05 11:00,732.81
2025-07-05 12:00,768.3
2025-07-05 13:00,761.76
2025-07-05 14:00,706.52
2025-07-05 15:00,598.2
2025-07-05 16:00,452.04
2025-07-05 17:00,271.68
2025-07-05 18:00,93.171
2025-07-05 19:00,24.761
2025-07-05 20:00,0.0
2025-07-05 21:00,0.0
2025-07-05 22:00,0.0
2025-07-05 23:00,0.0
2025-07-06 00:00,0.0
2025-07-06 01:00,0.0
2025-07-06 02:00,0.0
2025-07-06 03:00,0.0
2025-07-06 04:00,0.0
2025-07-06 05:00,0.0
2025-07-06 06:00,34.614
2025-07-06 07:00,146.71
2025-07-06 08:00,363.19
2025-07-06 09:00,550.15
2025-07-06 10:00,686.09
2025-07-06 11:00,772.97
2025-07-06 12:00,815.83
2025-07-06 13:00,810.78
2025-07-06 14:00,752.01
2025-07-06 15:00,644.06
2025-07-06 16:00,488.81
2025-07-06 17:00,290.49
2025-07-06 18:00,89.978
2025-07-06 19:00,23.845
2025-07-06 20:00,0.0
2025-07-06 21:00,0.0
2025-07-06 22:00,0.0
2025-07-06 23:00,0.0
2025-07-07 00:00,0.0
2025-07-07 01:00,0.0
2025-07-07 02:00,0.0
2025-07-07 03:00,0.0
2025-07-07 04:00,0.0
2025-07-07 05:00,0.0
2025-07-07 06:00,28.834
2025-07-07 07:00,143.71
2025-07-07 08:00,356.02
2025-07-07 09:00,546.98
2025-07-07 10:00,671.89
2025-07-07 11:00,758.27
2025-07-07 12:00,798.26
2025-07-07 13:00,782.82
2025-07-07 14:00,742.53
2025-07-07 15:00,640.57
2025-07-07 16:00,498.66
2025-07-07 17:00,288.53
2025-07-07 18:00,88.417
2025-07-07 19:00,22.8
2025-07-07 20:00,0.0
2025-07-07 21:00,0.0
2025-07-07 22:00,0.0
2025-07-07 23:00,0.0
2025-07-08 00:00,0.0
2025-07-08 01:00,0.0
2025-07-08 02:00,0.0
2025-07-08 03:00,0.0
2025-07-08 04:00,0.0
2025-07-08 05:00,0.0
2025-07-08 06:00,29.997
2025-07-08 07:00,146.89
2025-07-08 08:00,359.56
2025-07-08 09:00,547.68
2025-07-08 10:00,688.89
2025-07-08 11:00,769.74
2025-07-08 12:00,810.36
2025-07-08 13:00,804.68
2025-07-08 14:00,756.7
2025-07-08 15:00,651.42
2025-07-08 16:00,502.23
2025-07-08 17:00,293.55
2025-07-08 18:00,85.577
2025-07-08 19:00,23.02
2025-07-08 20:00,0.0
2025-07-08 21:00,0.0
2025-07-08 22:00,0.0
2025-07-08 23:00,0.0
2025-07-09 00:00,0.0
2025-07-09 01:00,0.0
2025-07-09 02:00,0.0
2025-07-09 03:00,0.0
2025-07-09 04:00,0.0
2025-07-09 05:00,0.0
2025-07-09 06:00,37.492
2025-07-09 07:00,141.36
2025-07-09 08:00,314.52
2025-07-09 09:00,492.62
2025-07-09 10:00,642.47
2025-07-09 11:00,740.44
2025-07-09 12:00,798.02
2025-07-09 13:00,778.2
2025-07-09 14:00,730.65
2025-07-09 15:00,626.59
2025-07-09 16:00,482.46
2025-07-09 17:00,285.63
2025-07-09 18:00,87.624
2025-07-09 19:00,21.949
2025-07-09 20:00,0.0
2025-07-09 21:00,0.0
2025-07-09 22:00,0.0
2025-07-09 23:00,0.0
2025-07-10 00:00,0.0
2025-07-10 01:00,0.0
2025-07-10 02:00,0.0
2025-07-10 03:00,0.0
2025-07-10 04:00,0.0
2025-07-10 05:00,0.0
2025-07-10 06:00,31.949
2025-07-10 07:00,140.38
2025-07-10 08:00,353.94
2025-07-10 09:00,541.63
2025-07-10 10:00,697.57
2025-07-10 11:00,797.84
2025-07-10 12:00,825.43
2025-07-10 13:00,755.89
2025-07-10 14:00,672.89
2025-07-10 15:00,559.47
2025-07-10 16:00,434.45
2025-07-10 17:00,253.74
2025-07-10 18:00,99.526
2025-07-10 19:00,26.211
2025-07-10 20:00,0.0
2025-07-10 21:00,0.0
2025-07-10 22:00,0.0
2025-07-10 23:00,0.0
2025-07-11 00:00,0.0
2025-07-11 01:00,0.0
2025-07-11 02:00,0.0
2025-07-11 03:00,0.0
2025-07-11 04:00,0.0
2025-07-11 05:00,0.0
2025-07-11 06:00,26.493
2025-07-11 07:00,142.64
2025-07-11 08:00,377.61
2025-07-11 09:00,590.31
2025-07-11 10:00,742.95
2025-07-11 11:00,843.38
2025-07-11 12:00,891.77
2025-07-11 13:00,885.17
2025-07-11 14:00,822.72
2025-07-11 15:00,704.62
2025-07-11 16:00,533.81
2025-07-11 17:00,308.81
2025-07-11 18:00,85.995
2025-07-11 19:00,23.706
2025-07-11 20:00,0.0
2025-07-11 21:00,0.0
2025-07-11 22:00,0.0
2025-07-11 23:00,0.0
2025-07-12 00:00,0.0
2025-07-12 01:00,0.0
2025-07-12 02:00,0.0
2025-07-12 03:00,0.0
2025-07-12 04:00,0.0
2025-07-12 05:00,0.0
2025-07-12 06:00,26.386
2025-07-12 07:00,149.23
2025-07-12 08:00,388.97
2025-07-12 09:00,631.09
2025-07-12 10:00,760.09
2025-07-12 11:00,875.16
2025-07-12 12:00,455.06
2025-07-12 13:00,395.07
2025-07-12 14:00,273.94
2025-07-12 15:00,250.19
2025-07-12 16:00,232.33
2025-07-12 17:00,169.95
2025-07-12 18:00,77.15
2025-07-12 19:00,22.165
2025-07-12 20:00,0.0
2025-07-12 21:00,0.0
2025-07-12 22:00,0.0
2025-07-12 23:00,0.0
2025-07-13 00:00,0.0
2025-07-13 01:00,0.0
2025-07-13 02:00,0.0
2025-07-13 03:00,0.0
2025-07-13 04:00,0.0
2025-07-13 05:00,0.0
2025-07-13 06:00,23.199
2025-07-13 07:00,144.22
2025-07-13 08:00,386.26
2025-07-13 09:00,605.01
2025-07-13 10:00,758.28
2025-07-13 11:00,858.88
2025-07-13 12:00,902.3
2025-07-13 13:00,894.22
2025-07-13 14:00,834.23
2025-07-13 15:00,717.71
2025-07-13 16:00,546.94
2025-07-13 17:00,317.0
2025-07-13 18:00,86.646
2025-07-13 19:00,18.14
2025-07-13 20:00,0.0
2025-07-13 21:00,0.0
2025-07-13 22:00,0.0
2025-07-13 23:00,0.0
2025-07-14 00:00,0.0
2025-07-14 01:00,0.0
2025-07-14 02:00,0.0
2025-07-14 03:00,0.0
2025-07-14 04:00,0.0
2025-07-14 05:00,0.0
2025-07-14 06:00,45.399
2025-07-14 07:00,138.69
2025-07-14 08:00,384.03
2025-07-14 09:00,534.83
2025-07-14 10:00,582.18
2025-07-14 11:00,780.35
2025-07-14 12:00,193.81
2025-07-14 13:00,375.84
2025-07-14 14:00,557.14
2025-07-14 15:00,542.67
2025-07-14 16:00,546.16
2025-07-14 17:00,253.58
2025-07-14 18:00,91.764
2025-07-14 19:00,23.021
2025-07-14 20:00,0.0
2025-07-14 21:00,0.0
2025-07-14 22:00,0.0
2025-07-14 23:00,0.0
2025-07-15 00:00,0.0
2025-07-15 01:00,0.0
2025-07-15 02:00,0.0
2025-07-15 03:00,0.0
2025-07-15 04:00,0.0
2025-07-15 05:00,0.0
2025-07-15 06:00,31.557
2025-07-15 07:00,147.87
2025-07-15 08:00,288.74
2025-07-15 09:00,501.95
2025-07-15 10:00,465.28
2025-07-15 11:00,522.11
2025-07-15 12:00,789.64
2025-07-15 13:00,813.65
2025-07-15 14:00,641.8
2025-07-15 15:00,457.25
2025-07-15 16:00,350.78
2025-07-15 17:00,182.19
2025-07-15 18:00,42.549
2025-07-15 19:00,0.0
2025-07-15 20:00,0.0
2025-07-15 21:00,0.0
2025-07-15 22:00,0.0
2025-07-15 23:00,0.0
2025-07-16 00:00,0.0
2025-07-16 01:00,0.0
2025-07-16 02:00,0.0
2025-07-16 03:00,0.0
2025-07-16 04:00,0.0
2025-07-16 05:00,0.0
2025-07-16 06:00,37.316
2025-07-16 07:00,135.43
2025-07-16 08:00,334.84
2025-07-16 09:00,536.65
2025-07-16 10:00,637.94
2025-07-16 11:00,732.78
2025-07-16 12:00,789.72
2025-07-16 13:00,781.81
2025-07-16 14:00,680.78
2025-07-16 15:00,612.25
2025-07-16 16:00,435.86
2025-07-16 17:00,228.93
2025-07-16 18:00,104.87
2025-07-16 19:00,22.772
2025-07-16 20:00,0.0
2025-07-16 21:00,0.0
2025-07-16 22:00,0.0
2025-07-16 23:00,0.0
2025-07-17 00:00,0.0
2025-07-17 01:00,0.0
2025-07-17 02:00,0.0
2025-07-17 03:00,0.0
2025-07-17 04:00,0.0
2025-07-17 05:00,0.0
2025-07-17 06:00,27.106
2025-07-17 07:00,137.14
2025-07-17 08:00,370.48
2025-07-17 09:00,584.58
2025-07-17 10:00,741.83
2025-07-17 11:00,843.65
2025-07-17 12:00,893.8
2025-07-17 13:00,889.37
2025-07-17 14:00,832.38
2025-07-17 15:00,713.7
2025-07-17 16:00,544.65
2025-07-17 17:00,316.08
2025-07-17 18:00,91.458
2025-07-17 19:00,25.076
2025-07-17 20:00,0.0
2025-07-17 21:00,0.0
2025-07-17 22:00,0.0
2025-07-17 23:00,0.0
2025-07-18 00:00,0.0
2025-07-18 01:00,0.0
2025-07-18 02:00,0.0
2025-07-18 03:00,0.0
2025-07-18 04:00,0.0
2025-07-18 05:00,0.0
2025-07-18 06:00,39.03
2025-07-18 07:00,75.324
2025-07-18 08:00,101.75
2025-07-18 09:00,440.91
2025-07-18 10:00,492.61
2025-07-18 11:00,689.35
2025-07-18 12:00,629.87
2025-07-18 13:00,714.68
2025-07-18 14:00,585.23
2025-07-18 15:00,549.42
2025-07-18 16:00,376.69
2025-07-18 17:00,242.43
2025-07-18 18:00,101.74
2025-07-18 19:00,25.687
2025-07-18 20:00,0.0
2025-07-18 21:00,0.0
2025-07-18 22:00,0.0
2025-07-18 23:00,0.0
2025-07-19 00:00,0.0
2025-07-19 01:00,0.0
2025-07-19 02:00,0.0
2025-07-19 03:00,0.0
2025-07-19 04:00,0.0
2025-07-19 05:00,0.0
2025-07-19 06:00,35.041
2025-07-19 07:00,131.38
2025-07-19 08:00,344.04
2025-07-19 09:00,521.73
2025-07-19 10:00,676.51
2025-07-19 11:00,783.71
2025-07-19 12:00,815.38
2025-07-19 13:00,798.39
2025-07-19 14:00,741.78
2025-07-19 15:00,632.87
2025-07-19 16:00,471.28
2025-07-19 17:00,271.34
2025-07-19 18:00,90.039
2025-07-19 19:00,20.723
2025-07-19 20:00,0.0
2025-07-19 21:00,0.0
2025-07-19 22:00,0.0
2025-07-19 23:00,0.0
2025-07-20 00:00,0.0
2025-07-20 01:00,0.0
2025-07-20 02:00,0.0
2025-07-20 03:00,0.0
2025-07-20 04:00,0.0
2025-07-20 05:00,0.0
2025-07-20 06:00,33.783
2025-07-20 07:00,136.61
2025-07-20 08:00,347.35
2025-07-20 09:00,541.5
2025-07-20 10:00,663.12
2025-07-20 11:00,769.9
2025-07-20 12:00,822.65
2025-07-20 13:00,809.83
2025-07-20 14:00,756.6
2025-07-20 15:00,647.39
2025-07-20 16:00,486.06
2025-07-20 17:00,282.18
2025-07-20 18:00,90.667
2025-07-20 19:00,20.57
2025-07-20 20:00,0.0
2025-07-20 21:00,0.0
2025-07-20 22:00,0.0
2025-07-20 23:00,0.0
2025-07-21 00:00,0.0
2025-07-21 01:00,0.0
2025-07-21 02:00,0.0
2025-07-21 03:00,0.0
2025-07-21 04:00,0.0
2025-07-21 05:00,0.0
2025-07-21 06:00,25.788
2025-07-21 07:00,132.03
2025-07-21 08:00,352.66
2025-07-21 09:00,561.97
2025-07-21 10:00,714.08
2025-07-21 11:00,804.66
2025-07-21 12:00,850.89
2025-07-21 13:00,845.53
2025-07-21 14:00,783.68
2025-07-21 15:00,671.37
2025-07-21 16:00,508.23
2025-07-21 17:00,294.28
2025-07-21 18:00,87.264
2025-07-21 19:00,20.096
2025-07-21 20:00,0.0
2025-07-21 21:00,0.0
2025-07-21 22:00,0.0
2025-07-21 23:00,0.0
2025-07-22 00:00,0.0
2025-07-22 01:00,0.0
2025-07-22 02:00,0.0
2025-07-22 03:00,0.0
2025-07-22 04:00,0.0
2025-07-22 05:00,0.0
2025-07-22 06:00,28.997
2025-07-22 07:00,133.59
2025-07-22 08:00,316.44
2025-07-22 09:00,490.06
2025-07-22 10:00,630.06
2025-07-22 11:00,731.4
2025-07-22 12:00,788.36
2025-07-22 13:00,792.7
2025-07-22 14:00,778.95
2025-07-22 15:00,645.21
2025-07-22 16:00,476.68
2025-07-22 17:00,270.8
2025-07-22 18:00,86.976
2025-07-22 19:00,20.901
2025-07-22 20:00,0.0
2025-07-22 21:00,0.0
2025-07-22 22:00,0.0
2025-07-22 23:00,0.0
2025-07-23 00:00,0.0
2025-07-23 01:00,0.0
2025-07-23 02:00,0.0
2025-07-23 03:00,0.0
2025-07-23 04:00,0.0
2025-07-23 05:00,0.0
2025-07-23 06:00,25.416
2025-07-23 07:00,131.74
2025-07-23 08:00,343.17
2025-07-23 09:00,538.86
2025-07-23 10:00,675.85
2025-07-23 11:00,767.92
2025-07-23 12:00,806.71
2025-07-23 13:00,812.11
2025-07-23 14:00,756.04
2025-07-23 15:00,650.24
2025-07-23 16:00,489.63
2025-07-23 17:00,289.78
2025-07-23 18:00,87.764
2025-07-23 19:00,24.278
2025-07-23 20:00,0.0
2025-07-23 21:00,0.0
2025-07-23 22:00,0.0
2025-07-23 23:00,0.0
2025-07-24 00:00,0.0
2025-07-24 01:00,0.0
2025-07-24 02:00,0.0
2025-07-24 03:00,0.0
2025-07-24 04:00,0.0
2025-07-24 05:00,0.0
2025-07-24 06:00,27.598
2025-07-24 07:00,129.31
2025-07-24 08:00,338.03
2025-07-24 09:00,538.33
2025-07-24 10:00,702.03
2025-07-24 11:00,795.15
2025-07-24 12:00,847.87
2025-07-24 13:00,828.85
2025-07-24 14:00,767.57
2025-07-24 15:00,662.57
2025-07-24 16:00,504.36
2025-07-24 17:00,295.3
2025-07-24 18:00,86.596
2025-07-24 19:00,24.323
2025-07-24 20:00,0.0
2025-07-24 21:00,0.0
2025-07-24 22:00,0.0
2025-07-24 23:00,0.0
2025-07-25 00:00,0.0
2025-07-25 01:00,0.0
2025-07-25 02:00,0.0
2025-07-25 03:00,0.0
2025-07-25 04:00,0.0
2025-07-25 05:00,0.0
2025-07-25 06:00,25.062
2025-07-25 07:00,131.87
2025-07-25 08:00,358.08
2025-07-25 09:00,565.34
2025-07-25 10:00,722.68
2025-07-25 11:00,825.24
2025-07-25 12:00,874.0
2025-07-25 13:00,862.63
2025-07-25 14:00,812.13
2025-07-25 15:00,693.58
2025-07-25 16:00,523.03
2025-07-25 17:00,302.59
2025-07-25 18:00,86.975
2025-07-25 19:00,23.913
2025-07-25 20:00,0.0
2025-07-25 21:00,0.0
2025-07-25 22:00,0.0
2025-07-25 23:00,0.0
2025-07-26 00:00,0.0
2025-07-26 01:00,0.0
2025-07-26 02:00,0.0
2025-07-26 03:00,0.0
2025-07-26 04:00,0.0
2025-07-26 05:00,0.0
2025-07-26 06:00,31.413
2025-07-26 07:00,129.54
2025-07-26 08:00,343.89
2025-07-26 09:00,550.11
2025-07-26 10:00,688.2
2025-07-26 11:00,782.05
2025-07-26 12:00,812.06
2025-07-26 13:00,821.0
2025-07-26 14:00,756.95
2025-07-26 15:00,659.04
2025-07-26 16:00,498.08
2025-07-26 17:00,287.42
2025-07-26 18:00,87.5
2025-07-26 19:00,22.844
2025-07-26 20:00,0.0
2025-07-26 21:00,0.0
2025-07-26 22:00,0.0
2025-07-26 23:00,0.0
2025-07-27 00:00,0.0
2025-07-27 01:00,0.0
2025-07-27 02:00,0.0
2025-07-27 03:00,0.0
2025-07-27 04:00,0.0
2025-07-27 05:00,0.0
2025-07-27 06:00,35.69
2025-07-27 07:00,123.67
2025-07-27 08:00,279.6
2025-07-27 09:00,439.21
2025-07-27 10:00,553.25
2025-07-27 11:00,624.23
2025-07-27 12:00,729.3
2025-07-27 13:00,728.31
2025-07-27 14:00,700.92
2025-07-27 15:00,618.71
2025-07-27 16:00,475.28
2025-07-27 17:00,276.15
2025-07-27 18:00,85.852
2025-07-27 19:00,21.284
2025-07-27 20:00,0.0
2025-07-27 21:00,0.0
2025-07-27 22:00,0.0
2025-07-27 23:00,0.0
2025-07-28 00:00,0.0
2025-07-28 01:00,0.0
2025-07-28 02:00,0.0
2025-07-28 03:00,0.0
2025-07-28 04:00,0.0
2025-07-28 05:00,0.0
2025-07-28 06:00,26.238
2025-07-28 07:00,126.5
2025-07-28 08:00,337.6
2025-07-28 09:00,534.16
2025-07-28 10:00,675.18
2025-07-28 11:00,757.11
2025-07-28 12:00,779.24
2025-07-28 13:00,767.52
2025-07-28 14:00,712.84
2025-07-28 15:00,647.32
2025-07-28 16:00,464.77
2025-07-28 17:00,262.68
2025-07-28 18:00,87.068
2025-07-28 19:00,18.855
2025-07-28 20:00,0.0
2025-07-28 21:00,0.0
2025-07-28 22:00,0.0
2025-07-28 23:00,0.0
2025-07-29 00:00,0.0
2025-07-29 01:00,0.0
2025-07-29 02:00,0.0
2025-07-29 03:00,0.0
2025-07-29 04:00,0.0
2025-07-29 05:00,0.0
2025-07-29 06:00,30.391
2025-07-29 07:00,123.26
2025-07-29 08:00,328.46
2025-07-29 09:00,441.65
2025-07-29 10:00,607.57
2025-07-29 11:00,712.84
2025-07-29 12:00,739.89
2025-07-29 13:00,768.16
2025-07-29 14:00,705.81
2025-07-29 15:00,524.65
2025-07-29 16:00,398.48
2025-07-29 17:00,258.11
2025-07-29 18:00,88.792
2025-07-29 19:00,15.632
2025-07-29 20:00,0.0
2025-07-29 21:00,0.0
2025-07-29 22:00,0.0
2025-07-29 23:00,0.0
2025-07-30 00:00,0.0
2025-07-30 01:00,0.0
2025-07-30 02:00,0.0
2025-07-30 03:00,0.0
2025-07-30 04:00,0.0
2025-07-30 05:00,0.0
2025-07-30 06:00,23.711
2025-07-30 07:00,128.91
2025-07-30 08:00,354.1
2025-07-30 09:00,572.8
2025-07-30 10:00,736.22
2025-07-30 11:00,837.66
2025-07-30 12:00,893.69
2025-07-30 13:00,884.33
2025-07-30 14:00,824.81
2025-07-30 15:00,708.63
2025-07-30 16:00,535.96
2025-07-30 17:00,310.81
2025-07-30 18:00,102.42
2025-07-30 19:00,15.253
2025-07-30 20:00,0.0
2025-07-30 21:00,0.0
2025-07-30 22:00,0.0
2025-07-30 23:00,0.0
2025-07-31 00:00,0.0
2025-07-31 01:00,0.0
2025-07-31 02:00,0.0
2025-07-31 03:00,0.0
2025-07-31 04:00,0.0
2025-07-31 05:00,0.0
2025-07-31 06:00,21.661
2025-07-31 07:00,125.98
2025-07-31 08:00,359.76
2025-07-31 09:00,574.39
2025-07-31 10:00,731.33
2025-07-31 11:00,831.2
2025-07-31 12:00,877.68
2025-07-31 13:00,868.03
2025-07-31 14:00,811.56
2025-07-31 15:00,694.15
2025-07-31 16:00,520.85
2025-07-31 17:00,298.86
2025-07-31 18:00,99.647
2025-07-31 19:00,12.398
2025-07-31 20:00,0.0
2025-07-31 21:00,0.0
2025-07-31 22:00,0.0
2025-07-31 23:00,0.0
2025-08-01 00:00,0.0
2025-08-01 01:00,0.0
2025-08-01 02:00,0.0
2025-08-01 03:00,0.0
2025-08-01 04:00,0.0
2025-08-01 05:00,0.0
2025-08-01 06:00,27.687
2025-08-01 07:00,121.26
2025-08-01 08:00,248.1
2025-08-01 09:00,437.51
2025-08-01 10:00,559.25
2025-08-01 11:00,608.68
2025-08-01 12:00,652.77
2025-08-01 13:00,718.19
2025-08-01 14:00,729.22
2025-08-01 15:00,704.47
2025-08-01 16:00,505.4
2025-08-01 17:00,299.02
2025-08-01 18:00,94.234
2025-08-01 19:00,16.234
2025-08-01 20:00,0.0
2025-08-01 21:00,0.0
2025-08-01 22:00,0.0
2025-08-01 23:00,0.0
2025-08-02 00:00,0.0
2025-08-02 01:00,0.0
2025-08-02 02:00,0.0
2025-08-02 03:00,0.0
2025-08-02 04:00,0.0
2025-08-02 05:00,0.0
2025-08-02 06:00,31.762
2025-08-02 07:00,125.16
2025-08-02 08:00,248.97
2025-08-02 09:00,403.48
2025-08-02 10:00,496.83
2025-08-02 11:00,662.23
2025-08-02 12:00,765.9
2025-08-02 13:00,794.19
2025-08-02 14:00,773.54
2025-08-02 15:00,640.4
2025-08-02 16:00,474.22
2025-08-02 17:00,290.83
2025-08-02 18:00,99.924
2025-08-02 19:00,15.161
2025-08-02 20:00,0.0
2025-08-02 21:00,0.0
2025-08-02 22:00,0.0
2025-08-02 23:00,0.0
2025-08-03 00:00,0.0
2025-08-03 01:00,0.0
2025-08-03 02:00,0.0
2025-08-03 03:00,0.0
2025-08-03 04:00,0.0
2025-08-03 05:00,0.0
2025-08-03 06:00,29.339
2025-08-03 07:00,121.94
2025-08-03 08:00,319.61
2025-08-03 09:00,476.02
2025-08-03 10:00,613.85
2025-08-03 11:00,707.93
2025-08-03 12:00,767.35
2025-08-03 13:00,809.17
2025-08-03 14:00,757.35
2025-08-03 15:00,625.79
2025-08-03 16:00,453.34
2025-08-03 17:00,261.34
2025-08-03 18:00,82.141
2025-08-03 19:00,7.5222
2025-08-03 20:00,0.0
2025-08-03 21:00,0.0
2025-08-03 22:00,0.0
2025-08-03 23:00,0.0
2025-08-04 00:00,0.0
2025-08-04 01:00,0.0
2025-08-04 02:00,0.0
2025-08-04 03:00,0.0
2025-08-04 04:00,0.0
2025-08-04 05:00,0.0
2025-08-04 06:00,21.409
2025-08-04 07:00,120.28
2025-08-04 08:00,321.21
2025-08-04 09:00,508.21
2025-08-04 10:00,636.37
2025-08-04 11:00,740.98
2025-08-04 12:00,708.76
2025-08-04 13:00,723.63
2025-08-04 14:00,702.87
2025-08-04 15:00,628.68
2025-08-04 16:00,473.71
2025-08-04 17:00,270.56
2025-08-04 18:00,85.855
2025-08-04 19:00,8.9428
2025-08-04 20:00,0.0
2025-08-04 21:00,0.0
2025-08-04 22:00,0.0
2025-08-04 23:00,0.0
2025-08-05 00:00,0.0
2025-08-05 01:00,0.0
2025-08-05 02:00,0.0
2025-08-05 03:00,0.0
2025-08-05 04:00,0.0
2025-08-05 05:00,0.0
2025-08-05 06:00,24.51
2025-08-05 07:00,128.53
2025-08-05 08:00,334.47
2025-08-05 09:00,542.32
2025-08-05 10:00,694.36
2025-08-05 11:00,781.61
2025-08-05 12:00,840.41
2025-08-05 13:00,815.43
2025-08-05 14:00,753.82
2025-08-05 15:00,657.28
2025-08-05 16:00,495.45
2025-08-05 17:00,278.02
2025-08-05 18:00,84.03
2025-08-05 19:00,8.0313
2025-08-05 20:00,0.0
2025-08-05 21:00,0.0
2025-08-05 22:00,0.0
2025-08-05 23:00,0.0
2025-08-06 00:00,0.0
2025-08-06 01:00,0.0
2025-08-06 02:00,0.0
2025-08-06 03:00,0.0
2025-08-06 04:00,0.0
2025-08-06 05:00,0.0
2025-08-06 06:00,22.335
2025-08-06 07:00,122.04
2025-08-06 08:00,277.18
2025-08-06 09:00,413.06
2025-08-06 10:00,517.88
2025-08-06 11:00,698.95
2025-08-06 12:00,673.12
2025-08-06 13:00,767.79
2025-08-06 14:00,723.64
2025-08-06 15:00,659.69
2025-08-06 16:00,463.17
2025-08-06 17:00,231.51
2025-08-06 18:00,82.739
2025-08-06 19:00,6.4401
2025-08-06 20:00,0.0
2025-08-06 21:00,0.0
2025-08-06 22:00,0.0
2025-08-06 23:00,0.0
2025-08-07 00:00,0.0
2025-08-07 01:00,0.0
2025-08-07 02:00,0.0
2025-08-07 03:00,0.0
2025-08-07 04:00,0.0
2025-08-07 05:00,0.0
2025-08-07 06:00,20.974
2025-08-07 07:00,124.98
2025-08-07 08:00,380.61
2025-08-07 09:00,590.83
2025-08-07 10:00,733.23
2025-08-07 11:00,646.8
2025-08-07 12:00,554.43
2025-08-07 13:00,386.94
2025-08-07 14:00,435.3
2025-08-07 15:00,263.6
2025-08-07 16:00,149.84
2025-08-07 17:00,116.87
2025-08-07 18:00,57.721
2025-08-07 19:00,0.0
2025-08-07 20:00,0.0
2025-08-07 21:00,0.0
2025-08-07 22:00,0.0
2025-08-07 23:00,0.0
2025-08-08 00:00,0.0
2025-08-08 01:00,0.0
2025-08-08 02:00,0.0
2025-08-08 03:00,0.0
2025-08-08 04:00,0.0
2025-08-08 05:00,0.0
2025-08-08 06:00,21.177
2025-08-08 07:00,117.31
2025-08-08 08:00,316.25
2025-08-08 09:00,482.05
2025-08-08 10:00,677.81
2025-08-08 11:00,771.92
2025-08-08 12:00,810.64
2025-08-08 13:00,773.67
2025-08-08 14:00,698.57
2025-08-08 15:00,563.69
2025-08-08 16:00,370.11
2025-08-08 17:00,216.97
2025-08-08 18:00,79.807
2025-08-08 19:00,0.0
2025-08-08 20:00,0.0
2025-08-08 21:00,0.0
2025-08-08 22:00,0.0
2025-08-08 23:00,0.0
2025-08-09 00:00,0.0
2025-08-09 01:00,0.0
2025-08-09 02:00,0.0
2025-08-09 03:00,0.0
2025-08-09 04:00,0.0
2025-08-09 05:00,0.0
2025-08-09 06:00,19.465
2025-08-09 07:00,139.38
2025-08-09 08:00,377.02
2025-08-09 09:00,624.03
2025-08-09 10:00,795.2
2025-08-09 11:00,888.8
2025-08-09 12:00,306.36
2025-08-09 13:00,360.84
2025-08-09 14:00,315.79
2025-08-09 15:00,160.68
2025-08-09 16:00,110.06
2025-08-09 17:00,84.426
2025-08-09 18:00,38.103
2025-08-09 19:00,0.0
2025-08-09 20:00,0.0
2025-08-09 21:00,0.0
2025-08-09 22:00,0.0
2025-08-09 23:00,0.0
2025-08-10 00:00,0.0
2025-08-10 01:00,0.0
2025-08-10 02:00,0.0
2025-08-10 03:00,0.0
2025-08-10 04:00,0.0
2025-08-10 05:00,0.0
2025-08-10 06:00,19.103
2025-08-10 07:00,131.77
2025-08-10 08:00,269.23
2025-08-10 09:00,423.11
2025-08-10 10:00,590.96
2025-08-10 11:00,637.24
2025-08-10 12:00,688.43
2025-08-10 13:00,604.91
2025-08-10 14:00,605.97
2025-08-10 15:00,561.9
2025-08-10 16:00,416.35
2025-08-10 17:00,274.12
2025-08-10 18:00,86.379
2025-08-10 19:00,7.3321
2025-08-10 20:00,0.0
2025-08-10 21:00,0.0
2025-08-10 22:00,0.0
2025-08-10 23:00,0.0
2025-08-11 00:00,0.0
2025-08-11 01:00,0.0
2025-08-11 02:00,0.0
2025-08-11 03:00,0.0
2025-08-11 04:00,0.0
2025-08-11 05:00,0.0
2025-08-11 06:00,23.815
2025-08-11 07:00,115.97
2025-08-11 08:00,275.6
2025-08-11 09:00,392.3
2025-08-11 10:00,527.46
2025-08-11 11:00,649.89
2025-08-11 12:00,782.25
2025-08-11 13:00,725.4
2025-08-11 14:00,608.91
2025-08-11 15:00,600.87
2025-08-11 16:00,432.85
2025-08-11 17:00,302.38
2025-08-11 18:00,82.659
2025-08-11 19:00,9.5281
2025-08-11 20:00,0.0
2025-08-11 21:00,0.0
2025-08-11 22:00,0.0
2025-08-11 23:00,0.0
2025-08-12 00:00,0.0
2025-08-12 01:00,0.0
2025-08-12 02:00,0.0
2025-08-12 03:00,0.0
2025-08-12 04:00,0.0
2025-08-12 05:00,0.0
2025-08-12 06:00,18.278
2025-08-12 07:00,125.86
2025-08-12 08:00,323.74
2025-08-12 09:00,580.8
2025-08-12 10:00,724.86
2025-08-12 11:00,779.68
2025-08-12 12:00,462.19
2025-08-12 13:00,572.3
2025-08-12 14:00,479.96
2025-08-12 15:00,327.42
2025-08-12 16:00,264.69
2025-08-12 17:00,159.32
2025-08-12 18:00,50.331
2025-08-12 19:00,0.0
2025-08-12 20:00,0.0
2025-08-12 21:00,0.0
2025-08-12 22:00,0.0
2025-08-12 23:00,0.0
2025-08-13 00:00,0.0
2025-08-13 01:00,0.0
2025-08-13 02:00,0.0
2025-08-13 03:00,0.0
2025-08-13 04:00,0.0
2025-08-13 05:00,0.0
2025-08-13 06:00,15.966
2025-08-13 07:00,134.52
2025-08-13 08:00,353.02
2025-08-13 09:00,572.86
2025-08-13 10:00,736.97
2025-08-13 11:00,847.43
2025-08-13 12:00,887.18
2025-08-13 13:00,882.4
2025-08-13 14:00,820.06
2025-08-13 15:00,693.03
2025-08-13 16:00,510.32
2025-08-13 17:00,278.45
2025-08-13 18:00,70.41
2025-08-13 19:00,0.7191
2025-08-13 20:00,0.0
2025-08-13 21:00,0.0
2025-08-13 22:00,0.0
2025-08-13 23:00,0.0
2025-08-14 00:00,0.0
2025-08-14 01:00,0.0
2025-08-14 02:00,0.0
2025-08-14 03:00,0.0
2025-08-14 04:00,0.0
2025-08-14 05:00,0.0
2025-08-14 06:00,14.318
2025-08-14 07:00,124.14
2025-08-14 08:00,334.79
2025-08-14 09:00,549.75
2025-08-14 10:00,715.02
2025-08-14 11:00,813.68
2025-08-14 12:00,869.98
2025-08-14 13:00,857.01
2025-08-14 14:00,783.96
2025-08-14 15:00,659.96
2025-08-14 16:00,472.67
2025-08-14 17:00,266.89
2025-08-14 18:00,68.325
2025-08-14 19:00,0.493
2025-08-14 20:00,0.0
2025-08-14 21:00,0.0
2025-08-14 22:00,0.0
2025-08-14 23:00,0.0
2025-08-15 00:00,0.0
2025-08-15 01:00,0.0
2025-08-15 02:00,0.0
2025-08-15 03:00,0.0
2025-08-15 04:00,0.0
2025-08-15 05:00,0.0
2025-08-15 06:00,13.251
2025-08-15 07:00,122.37
2025-08-15 08:00,321.78
2025-08-15 09:00,516.09
2025-08-15 10:00,642.18
2025-08-15 11:00,755.83
2025-08-15 12:00,837.12
2025-08-15 13:00,845.61
2025-08-15 14:00,769.35
2025-08-15 15:00,664.45
2025-08-15 16:00,475.07
2025-08-15 17:00,246.56
2025-08-15 18:00,67.858
2025-08-15 19:00,0.0
2025-08-15 20:00,0.0
2025-08-15 21:00,0.0
2025-08-15 22:00,0.0
2025-08-15 23:00,0.0
2025-08-16 00:00,0.0
2025-08-16 01:00,0.0
2025-08-16 02:00,0.0
2025-08-16 03:00,0.0
2025-08-16 04:00,0.0
2025-08-16 05:00,0.0
2025-08-16 06:00,12.669
2025-08-16 07:00,127.56
2025-08-16 08:00,347.25
2025-08-16 09:00,568.81
2025-08-16 10:00,735.01
2025-08-16 11:00,842.7
2025-08-16 12:00,889.72
2025-08-16 13:00,874.9
2025-08-16 14:00,810.64
2025-08-16 15:00,688.13
2025-08-16 16:00,510.86
2025-08-16 17:00,273.64
2025-08-16 18:00,66.433
2025-08-16 19:00,0.0
2025-08-16 20:00,0.0
2025-08-16 21:00,0.0
2025-08-16 22:00,0.0
2025-08-16 23:00,0.0
2025-08-17 00:00,0.0
2025-08-17 01:00,0.0
2025-08-17 02:00,0.0
2025-08-17 03:00,0.0
2025-08-17 04:00,0.0
2025-08-17 05:00,0.0
2025-08-17 06:00,11.792
2025-08-17 07:00,124.11
2025-08-17 08:00,334.62
2025-08-17 09:00,549.03
2025-08-17 10:00,700.1
2025-08-17 11:00,814.22
2025-08-17 12:00,869.9
2025-08-17 13:00,858.95
2025-08-17 14:00,804.72
2025-08-17 15:00,681.16
2025-08-17 16:00,502.86
2025-08-17 17:00,274.1
2025-08-17 18:00,63.817
2025-08-17 19:00,0.0
2025-08-17 20:00,0.0
2025-08-17 21:00,0.0
2025-08-17 22:00,0.0
2025-08-17 23:00,0.0
2025-08-18 00:00,0.0
2025-08-18 01:00,0.0
2025-08-18 02:00,0.0
2025-08-18 03:00,0.0
2025-08-18 04:00,0.0
2025-08-18 05:00,0.0
2025-08-18 06:00,10.751
2025-08-18 07:00,129.97
2025-08-18 08:00,351.73
2025-08-18 09:00,565.2
2025-08-18 10:00,717.59
2025-08-18 11:00,823.69
2025-08-18 12:00,861.91
2025-08-18 13:00,850.8
2025-08-18 14:00,790.59
2025-08-18 15:00,669.2
2025-08-18 16:00,498.39
2025-08-18 17:00,272.21
2025-08-18 18:00,62.224
2025-08-18 19:00,0.0
2025-08-18 20:00,0.0
2025-08-18 21:00,0.0
2025-08-18 22:00,0.0
2025-08-18 23:00,0.0
2025-08-19 00:00,0.0
2025-08-19 01:00,0.0
2025-08-19 02:00,0.0
2025-08-19 03:00,0.0
2025-08-19 04:00,0.0
2025-08-19 05:00,0.0
2025-08-19 06:00,8.9453
2025-08-19 07:00,113.24
2025-08-19 08:00,279.51
2025-08-19 09:00,482.26
2025-08-19 10:00,655.49
2025-08-19 11:00,722.17
2025-08-19 12:00,750.49
2025-08-19 13:00,763.04
2025-08-19 14:00,723.31
2025-08-19 15:00,599.45
2025-08-19 16:00,470.07
2025-08-19 17:00,249.3
2025-08-19 18:00,60.812
2025-08-19 19:00,0.0
2025-08-19 20:00,0.0
2025-08-19 21:00,0.0
2025-08-19 22:00,0.0
2025-08-19 23:00,0.0
2025-08-20 00:00,0.0
2025-08-20 01:00,0.0
2025-08-20 02:00,0.0
2025-08-20 03:00,0.0
2025-08-20 04:00,0.0
2025-08-20 05:00,0.0
2025-08-20 06:00,9.7813
2025-08-20 07:00,108.91
2025-08-20 08:00,275.64
2025-08-20 09:00,416.99
2025-08-20 10:00,486.66
2025-08-20 11:00,594.66
2025-08-20 12:00,668.86
2025-08-20 13:00,665.15
2025-08-20 14:00,700.5
2025-08-20 15:00,657.28
2025-08-20 16:00,464.63
2025-08-20 17:00,219.16
2025-08-20 18:00,61.713
2025-08-20 19:00,0.0
2025-08-20 20:00,0.0
2025-08-20 21:00,0.0
2025-08-20 22:00,0.0
2025-08-20 23:00,0.0
2025-08-21 00:00,0.0
2025-08-21 01:00,0.0
2025-08-21 02:00,0.0
2025-08-21 03:00,0.0
2025-08-21 04:00,0.0
2025-08-21 05:00,0.0
2025-08-21 06:00,8.0455
2025-08-21 07:00,113.95
2025-08-21 08:00,336.15
2025-08-21 09:00,543.33
2025-08-21 10:00,713.49
2025-08-21 11:00,831.67
2025-08-21 12:00,876.56
2025-08-21 13:00,875.97
2025-08-21 14:00,802.83
2025-08-21 15:00,675.21
2025-08-21 16:00,496.57
2025-08-21 17:00,266.88
2025-08-21 18:00,59.427
2025-08-21 19:00,0.0
2025-08-21 20:00,0.0
2025-08-21 21:00,0.0
2025-08-21 22:00,0.0
2025-08-21 23:00,0.0
2025-08-22 00:00,0.0
2025-08-22 01:00,0.0
2025-08-22 02:00,0.0
2025-08-22 03:00,0.0
2025-08-22 04:00,0.0
2025-08-22 05:00,0.0
2025-08-22 06:00,7.5826
2025-08-22 07:00,116.36
2025-08-22 08:00,320.02
2025-08-22 09:00,525.39
2025-08-22 10:00,675.99
2025-08-22 11:00,787.16
2025-08-22 12:00,827.1
2025-08-22 13:00,819.17
2025-08-22 14:00,738.32
2025-08-22 15:00,629.39
2025-08-22 16:00,465.09
2025-08-22 17:00,242.33
2025-08-22 18:00,57.878
2025-08-22 19:00,0.0
2025-08-22 20:00,0.0
2025-08-22 21:00,0.0
2025-08-22 22:00,0.0
2025-08-22 23:00,0.0
2025-08-23 00:00,0.0
2025-08-23 01:00,0.0
2025-08-23 02:00,0.0
2025-08-23 03:00,0.0
2025-08-23 04:00,0.0
2025-08-23 05:00,0.0
2025-08-23 06:00,7.138
2025-08-23 07:00,118.15
2025-08-23 08:00,351.46
2025-08-23 09:00,574.87
2025-08-23 10:00,742.15
2025-08-23 11:00,852.28
2025-08-23 12:00,896.84
2025-08-23 13:00,886.63
2025-08-23 14:00,810.48
2025-08-23 15:00,678.33
2025-08-23 16:00,492.8
2025-08-23 17:00,262.19
2025-08-23 18:00,60.265
2025-08-23 19:00,0.0
2025-08-23 20:00,0.0
2025-08-23 21:00,0.0
2025-08-23 22:00,0.0
2025-08-23 23:00,0.0
2025-08-24 00:00,0.0
2025-08-24 01:00,0.0
2025-08-24 02:00,0.0
2025-08-24 03:00,0.0
2025-08-24 04:00,0.0
2025-08-24 05:00,0.0
2025-08-24 06:00,2.6886
2025-08-24 07:00,94.819
2025-08-24 08:00,212.52
2025-08-24 09:00,351.36
2025-08-24 10:00,451.83
2025-08-24 11:00,511.05
2025-08-24 12:00,575.63
2025-08-24 13:00,572.51
2025-08-24 14:00,507.04
2025-08-24 15:00,404.8
2025-08-24 16:00,254.06
2025-08-24 17:00,134.78
2025-08-24 18:00,43.31
2025-08-24 19:00,0.0
2025-08-24 20:00,0.0
2025-08-24 21:00,0.0
2025-08-24 22:00,0.0
2025-08-24 23:00,0.0
2025-08-25 00:00,0.0
2025-08-25 01:00,0.0
2025-08-25 02:00,0.0
2025-08-25 03:00,0.0
2025-08-25 04:00,0.0
2025-08-25 05:00,0.0
2025-08-25 06:00,5.3544
2025-08-25 07:00,116.3
2025-08-25 08:00,350.85
2025-08-25 09:00,574.99
2025-08-25 10:00,740.6
2025-08-25 11:00,846.9
2025-08-25 12:00,890.28
2025-08-25 13:00,877.76
2025-08-25 14:00,813.38
2025-08-25 15:00,678.88
2025-08-25 16:00,491.96
2025-08-25 17:00,257.85
2025-08-25 18:00,53.258
2025-08-25 19:00,0.0
2025-08-25 20:00,0.0
2025-08-25 21:00,0.0
2025-08-25 22:00,0.0
2025-08-25 23:00,0.0
2025-08-26 00:00,0.0
2025-08-26 01:00,0.0
2025-08-26 02:00,0.0
2025-08-26 03:00,0.0
2025-08-26 04:00,0.0
2025-08-26 05:00,0.0
2025-08-26 06:00,0.8906
2025-08-26 07:00,70.118
2025-08-26 08:00,34.869
2025-08-26 09:00,410.0
2025-08-26 10:00,341.62
2025-08-26 11:00,300.62
2025-08-26 12:00,807.95
2025-08-26 13:00,515.76
2025-08-26 14:00,242.07
2025-08-26 15:00,184.38
2025-08-26 16:00,523.13
2025-08-26 17:00,244.11
2025-08-26 18:00,51.469
2025-08-26 19:00,0.0
2025-08-26 20:00,0.0
2025-08-26 21:00,0.0
2025-08-26 22:00,0.0
2025-08-26 23:00,0.0
2025-08-27 00:00,0.0
2025-08-27 01:00,0.0
2025-08-27 02:00,0.0
2025-08-27 03:00,0.0
2025-08-27 04:00,0.0
2025-08-27 05:00,0.0
2025-08-27 06:00,4.0373
2025-08-27 07:00,114.86
2025-08-27 08:00,343.23
2025-08-27 09:00,557.97
2025-08-27 10:00,725.69
2025-08-27 11:00,827.88
2025-08-27 12:00,883.17
2025-08-27 13:00,877.58
2025-08-27 14:00,808.84
2025-08-27 15:00,680.44
2025-08-27 16:00,499.96
2025-08-27 17:00,261.43
2025-08-27 18:00,53.043
2025-08-27 19:00,0.0
2025-08-27 20:00,0.0
2025-08-27 21:00,0.0
2025-08-27 22:00,0.0
2025-08-27 23:00,0.0
2025-08-28 00:00,0.0
2025-08-28 01:00,0.0
2025-08-28 02:00,0.0
2025-08-28 03:00,0.0
2025-08-28 04:00,0.0
2025-08-28 05:00,0.0
2025-08-28 06:00,3.6913
2025-08-28 07:00,117.56
2025-08-28 08:00,351.96
2025-08-28 09:00,574.03
2025-08-28 10:00,730.69
2025-08-28 11:00,830.86
2025-08-28 12:00,877.21
2025-08-28 13:00,857.84
2025-08-28 14:00,792.51
2025-08-28 15:00,661.5
2025-08-28 16:00,476.73
2025-08-28 17:00,244.7
2025-08-28 18:00,49.148
2025-08-28 19:00,0.0
2025-08-28 20:00,0.0
2025-08-28 21:00,0.0
2025-08-28 22:00,0.0
2025-08-28 23:00,0.0
2025-08-29 00:00,0.0
2025-08-29 01:00,0.0
2025-08-29 02:00,0.0
2025-08-29 03:00,0.0
2025-08-29 04:00,0.0
2025-08-29 05:00,0.0
2025-08-29 06:00,3.2036
2025-08-29 07:00,116.01
2025-08-29 08:00,345.78
2025-08-29 09:00,564.61
2025-08-29 10:00,731.92
2025-08-29 11:00,834.32
2025-08-29 12:00,884.65
2025-08-29 13:00,870.5
2025-08-29 14:00,795.42
2025-08-29 15:00,666.96
2025-08-29 16:00,481.87
2025-08-29 17:00,238.23
2025-08-29 18:00,48.334
2025-08-29 19:00,0.0
2025-08-29 20:00,0.0
2025-08-29 21:00,0.0
2025-08-29 22:00,0.0
2025-08-29 23:00,0.0
2025-08-30 00:00,0.0
2025-08-30 01:00,0.0
2025-08-30 02:00,0.0
2025-08-30 03:00,0.0
2025-08-30 04:00,0.0
2025-08-30 05:00,0.0
2025-08-30 06:00,2.5633
2025-08-30 07:00,108.87
2025-08-30 08:00,319.99
2025-08-30 09:00,542.48
2025-08-30 10:00,689.4
2025-08-30 11:00,808.63
2025-08-30 12:00,856.71
2025-08-30 13:00,821.51
2025-08-30 14:00,734.12
2025-08-30 15:00,601.08
2025-08-30 16:00,437.63
2025-08-30 17:00,224.44
2025-08-30 18:00,48.584
2025-08-30 19:00,0.0
2025-08-30 20:00,0.0
2025-08-30 21:00,0.0
2025-08-30 22:00,0.0
2025-08-30 23:00,0.0
2025-08-31 00:00,0.0
2025-08-31 01:00,0.0
2025-08-31 02:00,0.0
2025-08-31 03:00,0.0
2025-08-31 04:00,0.0
2025-08-31 05:00,0.0
2025-08-31 06:00,1.6382
2025-08-31 07:00,113.54
2025-08-31 08:00,352.5
2025-08-31 09:00,579.18
2025-08-31 10:00,737.4
2025-08-31 11:00,836.31
2025-08-31 12:00,881.32
2025-08-31 13:00,865.31
2025-08-31 14:00,803.97
2025-08-31 15:00,671.41
2025-08-31 16:00,486.61
2025-08-31 17:00,248.12
2025-08-31 18:00,49.649
2025-08-31 19:00,0.0
2025-08-31 20:00,0.0
2025-08-31 21:00,0.0
2025-08-31 22:00,0.0
2025-08-31 23:00,0.0
2025-09-01 00:00,0.0
2025-09-01 01:00,0.0
2025-09-01 02:00,0.0
2025-09-01 03:00,0.0
2025-09-01 04:00,0.0
2025-09-01 05:00,0.0
2025-09-01 06:00,3.8035
2025-09-01 07:00,140.66
2025-09-01 08:00,429.76
2025-09-01 09:00,655.05
2025-09-01 10:00,841.74
2025-09-01 11:00,924.83
2025-09-01 12:00,422.32
2025-09-01 13:00,537.84
2025-09-01 14:00,447.96
2025-09-01 15:00,387.62
2025-09-01 16:00,229.75
2025-09-01 17:00,104.01
2025-09-01 18:00,18.097
2025-09-01 19:00,0.0
2025-09-01 20:00,0.0
2025-09-01 21:00,0.0
2025-09-01 22:00,0.0
2025-09-01 23:00,0.0
2025-09-02 00:00,0.0
2025-09-02 01:00,0.0
2025-09-02 02:00,0.0
2025-09-02 03:00,0.0
2025-09-02 04:00,0.0
2025-09-02 05:00,0.0
2025-09-02 06:00,0.5443
2025-09-02 07:00,118.39
2025-09-02 08:00,371.04
2025-09-02 09:00,631.08
2025-09-02 10:00,788.21
2025-09-02 11:00,842.72
2025-09-02 12:00,505.03
2025-09-02 13:00,465.7
2025-09-02 14:00,394.36
2025-09-02 15:00,305.37
2025-09-02 16:00,241.68
2025-09-02 17:00,135.93
2025-09-02 18:00,41.541
2025-09-02 19:00,0.0
2025-09-02 20:00,0.0
2025-09-02 21:00,0.0
2025-09-02 22:00,0.0
2025-09-02 23:00,0.0
2025-09-03 00:00,0.0
2025-09-03 01:00,0.0
2025-09-03 02:00,0.0
2025-09-03 03:00,0.0
2025-09-03 04:00,0.0
2025-09-03 05:00,0.0
2025-09-03 06:00,0.454
2025-09-03 07:00,110.15
2025-09-03 08:00,315.52
2025-09-03 09:00,557.28
2025-09-03 10:00,714.4
2025-09-03 11:00,792.96
2025-09-03 12:00,835.98
2025-09-03 13:00,801.09
2025-09-03 14:00,742.03
2025-09-03 15:00,604.32
2025-09-03 16:00,428.0
2025-09-03 17:00,217.64
2025-09-03 18:00,41.539
2025-09-03 19:00,0.0
2025-09-03 20:00,0.0
2025-09-03 21:00,0.0
2025-09-03 22:00,0.0
2025-09-03 23:00,0.0
2025-09-04 00:00,0.0
2025-09-04 01:00,0.0
2025-09-04 02:00,0.0
2025-09-04 03:00,0.0
2025-09-04 04:00,0.0
2025-09-04 05:00,0.0
2025-09-04 06:00,0.0
2025-09-04 07:00,47.009
2025-09-04 08:00,120.87
2025-09-04 09:00,219.28
2025-09-04 10:00,259.5
2025-09-04 11:00,302.91
2025-09-04 12:00,338.16
2025-09-04 13:00,311.74
2025-09-04 14:00,287.95
2025-09-04 15:00,227.15
2025-09-04 16:00,156.07
2025-09-04 17:00,81.264
2025-09-04 18:00,22.367
2025-09-04 19:00,0.0
2025-09-04 20:00,0.0
2025-09-04 21:00,0.0
2025-09-04 22:00,0.0
2025-09-04 23:00,0.0
2025-09-05 00:00,0.0
2025-09-05 01:00,0.0
2025-09-05 02:00,0.0
2025-09-05 03:00,0.0
2025-09-05 04:00,0.0
2025-09-05 05:00,0.0
2025-09-05 06:00,0.0
2025-09-05 07:00,68.553
2025-09-05 08:00,135.71
2025-09-05 09:00,154.26
2025-09-05 10:00,233.14
2025-09-05 11:00,272.77
2025-09-05 12:00,431.1
2025-09-05 13:00,416.5
2025-09-05 14:00,471.55
2025-09-05 15:00,415.06
2025-09-05 16:00,360.33
2025-09-05 17:00,244.23
2025-09-05 18:00,41.178
2025-09-05 19:00,0.0
2025-09-05 20:00,0.0
2025-09-05 21:00,0.0
2025-09-05 22:00,0.0
2025-09-05 23:00,0.0
2025-09-06 00:00,0.0
2025-09-06 01:00,0.0
2025-09-06 02:00,0.0
2025-09-06 03:00,0.0
2025-09-06 04:00,0.0
2025-09-06 05:00,0.0
2025-09-06 06:00,0.0
2025-09-06 07:00,80.577
2025-09-06 08:00,228.59
2025-09-06 09:00,356.2
2025-09-06 10:00,456.07
2025-09-06 11:00,533.04
2025-09-06 12:00,578.32
2025-09-06 13:00,627.54
2025-09-06 14:00,597.96
2025-09-06 15:00,486.58
2025-09-06 16:00,388.41
2025-09-06 17:00,213.08
2025-09-06 18:00,42.885
2025-09-06 19:00,0.0
2025-09-06 20:00,0.0
2025-09-06 21:00,0.0
2025-09-06 22:00,0.0
2025-09-06 23:00,0.0
2025-09-07 00:00,0.0
2025-09-07 01:00,0.0
2025-09-07 02:00,0.0
2025-09-07 03:00,0.0
2025-09-07 04:00,0.0
2025-09-07 05:00,0.0
2025-09-07 06:00,0.0
2025-09-07 07:00,110.98
2025-09-07 08:00,344.4
2025-09-07 09:00,562.62
2025-09-07 10:00,710.76
2025-09-07 11:00,786.77
2025-09-07 12:00,830.8
2025-09-07 13:00,794.48
2025-09-07 14:00,737.42
2025-09-07 15:00,636.94
2025-09-07 16:00,434.96
2025-09-07 17:00,212.1
2025-09-07 18:00,33.489
2025-09-07 19:00,0.0
2025-09-07 20:00,0.0
2025-09-07 21:00,0.0
2025-09-07 22:00,0.0
2025-09-07 23:00,0.0
2025-09-08 00:00,0.0
2025-09-08 01:00,0.0
2025-09-08 02:00,0.0
2025-09-08 03:00,0.0
2025-09-08 04:00,0.0
2025-09-08 05:00,0.0
2025-09-08 06:00,0.0
2025-09-08 07:00,110.28
2025-09-08 08:00,315.8
2025-09-08 09:00,531.91
2025-09-08 10:00,713.41
2025-09-08 11:00,827.58
2025-09-08 12:00,849.7
2025-09-08 13:00,821.29
2025-09-08 14:00,724.37
2025-09-08 15:00,610.21
2025-09-08 16:00,423.88
2025-09-08 17:00,194.03
2025-09-08 18:00,30.505
2025-09-08 19:00,0.0
2025-09-08 20:00,0.0
2025-09-08 21:00,0.0
2025-09-08 22:00,0.0
2025-09-08 23:00,0.0
2025-09-09 00:00,0.0
2025-09-09 01:00,0.0
2025-09-09 02:00,0.0
2025-09-09 03:00,0.0
2025-09-09 04:00,0.0
2025-09-09 05:00,0.0
2025-09-09 06:00,0.0
2025-09-09 07:00,111.48
2025-09-09 08:00,339.3
2025-09-09 09:00,557.82
2025-09-09 10:00,712.64
2025-09-09 11:00,837.97
2025-09-09 12:00,888.51
2025-09-09 13:00,873.6
2025-09-09 14:00,795.2
2025-09-09 15:00,659.78
2025-09-09 16:00,474.97
2025-09-09 17:00,226.05
2025-09-09 18:00,36.225
2025-09-09 19:00,0.0
2025-09-09 20:00,0.0
2025-09-09 21:00,0.0
2025-09-09 22:00,0.0
2025-09-09 23:00,0.0
2025-09-10 00:00,0.0
2025-09-10 01:00,0.0
2025-09-10 02:00,0.0
2025-09-10 03:00,0.0
2025-09-10 04:00,0.0
2025-09-10 05:00,0.0
2025-09-10 06:00,0.0
2025-09-10 07:00,122.17
2025-09-10 08:00,380.48
2025-09-10 09:00,615.87
2025-09-10 10:00,784.42
2025-09-10 11:00,882.75
2025-09-10 12:00,922.75
2025-09-10 13:00,903.32
2025-09-10 14:00,826.06
2025-09-10 15:00,686.0
2025-09-10 16:00,483.67
2025-09-10 17:00,228.16
2025-09-10 18:00,32.201
2025-09-10 19:00,0.0
2025-09-10 20:00,0.0
2025-09-10 21:00,0.0
2025-09-10 22:00,0.0
2025-09-10 23:00,0.0
2025-09-11 00:00,0.0
2025-09-11 01:00,0.0
2025-09-11 02:00,0.0
2025-09-11 03:00,0.0
2025-09-11 04:00,0.0
2025-09-11 05:00,0.0
2025-09-11 06:00,0.0
2025-09-11 07:00,119.38
2025-09-11 08:00,374.98
2025-09-11 09:00,607.91
2025-09-11 10:00,778.29
2025-09-11 11:00,881.9
2025-09-11 12:00,918.34
2025-09-11 13:00,907.04
2025-09-11 14:00,825.52
2025-09-11 15:00,683.72
2025-09-11 16:00,477.93
2025-09-11 17:00,219.06
2025-09-11 18:00,15.174
2025-09-11 19:00,0.0
2025-09-11 20:00,0.0
2025-09-11 21:00,0.0
2025-09-11 22:00,0.0
2025-09-11 23:00,0.0
2025-09-12 00:00,0.0
2025-09-12 01:00,0.0
2025-09-12 02:00,0.0
2025-09-12 03:00,0.0
2025-09-12 04:00,0.0
2025-09-12 05:00,0.0
2025-09-12 06:00,0.0
2025-09-12 07:00,119.64
2025-09-12 08:00,371.09
2025-09-12 09:00,602.9
2025-09-12 10:00,766.16
2025-09-12 11:00,869.33
2025-09-12 12:00,912.29
2025-09-12 13:00,887.41
2025-09-12 14:00,811.92
2025-09-12 15:00,672.4
2025-09-12 16:00,471.28
2025-09-12 17:00,221.35
2025-09-12 18:00,14.725
2025-09-12 19:00,0.0
2025-09-12 20:00,0.0
2025-09-12 21:00,0.0
2025-09-12 22:00,0.0
2025-09-12 23:00,0.0
2025-09-13 00:00,0.0
2025-09-13 01:00,0.0
2025-09-13 02:00,0.0
2025-09-13 03:00,0.0
2025-09-13 04:00,0.0
2025-09-13 05:00,0.0
2025-09-13 06:00,0.0
2025-09-13 07:00,133.55
2025-09-13 08:00,362.97
2025-09-13 09:00,611.54
2025-09-13 10:00,673.91
2025-09-13 11:00,789.15
2025-09-13 12:00,774.52
2025-09-13 13:00,659.32
2025-09-13 14:00,602.14
2025-09-13 15:00,348.75
2025-09-13 16:00,154.49
2025-09-13 17:00,89.909
2025-09-13 18:00,4.8504
2025-09-13 19:00,0.0
2025-09-13 20:00,0.0
2025-09-13 21:00,0.0
2025-09-13 22:00,0.0
2025-09-13 23:00,0.0
2025-09-14 00:00,0.0
2025-09-14 01:00,0.0
2025-09-14 02:00,0.0
2025-09-14 03:00,0.0
2025-09-14 04:00,0.0
2025-09-14 05:00,0.0
2025-09-14 06:00,0.0
2025-09-14 07:00,62.272
2025-09-14 08:00,171.18
2025-09-14 09:00,283.87
2025-09-14 10:00,390.01
2025-09-14 11:00,409.34
2025-09-14 12:00,436.2
2025-09-14 13:00,367.02
2025-09-14 14:00,333.26
2025-09-14 15:00,243.77
2025-09-14 16:00,145.4
2025-09-14 17:00,57.319
2025-09-14 18:00,0.0
2025-09-14 19:00,0.0
2025-09-14 20:00,0.0
2025-09-14 21:00,0.0
2025-09-14 22:00,0.0
2025-09-14 23:00,0.0
2025-09-15 00:00,0.0
2025-09-15 01:00,0.0
2025-09-15 02:00,0.0
2025-09-15 03:00,0.0
2025-09-15 04:00,0.0
2025-09-15 05:00,0.0
2025-09-15 06:00,0.0
2025-09-15 07:00,57.984
2025-09-15 08:00,157.59
2025-09-15 09:00,270.69
2025-09-15 10:00,439.65
2025-09-15 11:00,454.32
2025-09-15 12:00,486.41
2025-09-15 13:00,498.29
2025-09-15 14:00,459.86
2025-09-15 15:00,261.44
2025-09-15 16:00,213.34
2025-09-15 17:00,128.5
2025-09-15 18:00,8.8574
2025-09-15 19:00,0.0
2025-09-15 20:00,0.0
2025-09-15 21:00,0.0
2025-09-15 22:00,0.0
2025-09-15 23:00,0.0
2025-09-16 00:00,0.0
2025-09-16 01:00,0.0
2025-09-16 02:00,0.0
2025-09-16 03:00,0.0
2025-09-16 04:00,0.0
2025-09-16 05:00,0.0
2025-09-16 06:00,0.0
2025-09-16 07:00,48.193
2025-09-16 08:00,114.99
2025-09-16 09:00,194.92
2025-09-16 10:00,263.07
2025-09-16 11:00,290.57
2025-09-16 12:00,301.55
2025-09-16 13:00,317.56
2025-09-16 14:00,291.09
2025-09-16 15:00,260.56
2025-09-16 16:00,165.56
2025-09-16 17:00,73.495
2025-09-16 18:00,0.8588
2025-09-16 19:00,0.0
2025-09-16 20:00,0.0
2025-09-16 21:00,0.0
2025-09-16 22:00,0.0
2025-09-16 23:00,0.0
2025-09-17 00:00,0.0
2025-09-17 01:00,0.0
2025-09-17 02:00,0.0
2025-09-17 03:00,0.0
2025-09-17 04:00,0.0
2025-09-17 05:00,0.0
2025-09-17 06:00,0.0
2025-09-17 07:00,116.37
2025-09-17 08:00,371.16
2025-09-17 09:00,600.22
2025-09-17 10:00,761.62
2025-09-17 11:00,868.09
2025-09-17 12:00,906.44
2025-09-17 13:00,883.96
2025-09-17 14:00,798.61
2025-09-17 15:00,645.83
2025-09-17 16:00,447.81
2025-09-17 17:00,199.89
2025-09-17 18:00,6.0474
2025-09-17 19:00,0.0
2025-09-17 20:00,0.0
2025-09-17 21:00,0.0
2025-09-17 22:00,0.0
2025-09-17 23:00,0.0
2025-09-18 00:00,0.0
2025-09-18 01:00,0.0
2025-09-18 02:00,0.0
2025-09-18 03:00,0.0
2025-09-18 04:00,0.0
2025-09-18 05:00,0.0
2025-09-18 06:00,0.0
2025-09-18 07:00,113.41
2025-09-18 08:00,366.95
2025-09-18 09:00,595.05
2025-09-18 10:00,763.46
2025-09-18 11:00,861.22
2025-09-18 12:00,899.75
2025-09-18 13:00,880.45
2025-09-18 14:00,798.66
2025-09-18 15:00,652.9
2025-09-18 16:00,447.02
2025-09-18 17:00,195.65
2025-09-18 18:00,5.0266
2025-09-18 19:00,0.0
2025-09-18 20:00,0.0
2025-09-18 21:00,0.0
2025-09-18 22:00,0.0
2025-09-18 23:00,0.0
2025-09-19 00:00,0.0
2025-09-19 01:00,0.0
2025-09-19 02:00,0.0
2025-09-19 03:00,0.0
2025-09-19 04:00,0.0
2025-09-19 05:00,0.0
2025-09-19 06:00,0.0
2025-09-19 07:00,89.901
2025-09-19 08:00,282.87
2025-09-19 09:00,443.72
2025-09-19 10:00,577.87
2025-09-19 11:00,659.05
2025-09-19 12:00,757.78
2025-09-19 13:00,682.71
2025-09-19 14:00,649.45
2025-09-19 15:00,560.58
2025-09-19 16:00,308.98
2025-09-19 17:00,150.61
2025-09-19 18:00,3.8451
2025-09-19 19:00,0.0
2025-09-19 20:00,0.0
2025-09-19 21:00,0.0
2025-09-19 22:00,0.0
2025-09-19 23:00,0.0
2025-09-20 00:00,0.0
2025-09-20 01:00,0.0
2025-09-20 02:00,0.0
2025-09-20 03:00,0.0
2025-09-20 04:00,0.0
2025-09-20 05:00,0.0
2025-09-20 06:00,0.0
2025-09-20 07:00,111.22
2025-09-20 08:00,352.05
2025-09-20 09:00,591.64
2025-09-20 10:00,693.0
2025-09-20 11:00,771.04
2025-09-20 12:00,797.47
2025-09-20 13:00,765.54
2025-09-20 14:00,598.5
2025-09-20 15:00,479.36
2025-09-20 16:00,317.81
2025-09-20 17:00,139.95
2025-09-20 18:00,0.0
2025-09-20 19:00,0.0
2025-09-20 20:00,0.0
2025-09-20 21:00,0.0
2025-09-20 22:00,0.0
2025-09-20 23:00,0.0
2025-09-21 00:00,0.0
2025-09-21 01:00,0.0
2025-09-21 02:00,0.0
2025-09-21 03:00,0.0
2025-09-21 04:00,0.0
2025-09-21 05:00,0.0
2025-09-21 06:00,0.0
2025-09-21 07:00,2.4617
2025-09-21 08:00,16.563
2025-09-21 09:00,45.195
2025-09-21 10:00,279.51
2025-09-21 11:00,319.91
2025-09-21 12:00,412.93
2025-09-21 13:00,529.68
2025-09-21 14:00,400.6
2025-09-21 15:00,184.19
2025-09-21 16:00,253.65
2025-09-21 17:00,213.09
2025-09-21 18:00,11.887
2025-09-21 19:00,0.0
2025-09-21 20:00,0.0
2025-09-21 21:00,0.0
2025-09-21 22:00,0.0
2025-09-21 23:00,0.0
2025-09-22 00:00,0.0
2025-09-22 01:00,0.0
2025-09-22 02:00,0.0
2025-09-22 03:00,0.0
2025-09-22 04:00,0.0
2025-09-22 05:00,0.0
2025-09-22 06:00,0.0
2025-09-22 07:00,97.07
2025-09-22 08:00,287.44
2025-09-22 09:00,557.65
2025-09-22 10:00,669.91
2025-09-22 11:00,747.59
2025-09-22 12:00,733.96
2025-09-22 13:00,710.47
2025-09-22 14:00,594.61
2025-09-22 15:00,386.39
2025-09-22 16:00,310.14
2025-09-22 17:00,145.57
2025-09-22 18:00,0.7353
2025-09-22 19:00,0.0
2025-09-22 20:00,0.0
2025-09-22 21:00,0.0
2025-09-22 22:00,0.0
2025-09-22 23:00,0.0
2025-09-23 00:00,0.0
2025-09-23 01:00,0.0
2025-09-23 02:00,0.0
2025-09-23 03:00,0.0
2025-09-23 04:00,0.0
2025-09-23 05:00,0.0
2025-09-23 06:00,0.0
2025-09-23 07:00,71.401
2025-09-23 08:00,221.16
2025-09-23 09:00,372.68
2025-09-23 10:00,433.97
2025-09-23 11:00,720.57
2025-09-23 12:00,725.35
2025-09-23 13:00,800.96
2025-09-23 14:00,570.48
2025-09-23 15:00,460.25
2025-09-23 16:00,388.38
2025-09-23 17:00,132.01
2025-09-23 18:00,0.0
2025-09-23 19:00,0.0
2025-09-23 20:00,0.0
2025-09-23 21:00,0.0
2025-09-23 22:00,0.0
2025-09-23 23:00,0.0
2025-09-24 00:00,0.0
2025-09-24 01:00,0.0
2025-09-24 02:00,0.0
2025-09-24 03:00,0.0
2025-09-24 04:00,0.0
2025-09-24 05:00,0.0
2025-09-24 06:00,0.0
2025-09-24 07:00,114.93
2025-09-24 08:00,368.95
2025-09-24 09:00,590.74
2025-09-24 10:00,743.28
2025-09-24 11:00,843.81
2025-09-24 12:00,874.28
2025-09-24 13:00,854.41
2025-09-24 14:00,773.88
2025-09-24 15:00,635.61
2025-09-24 16:00,429.15
2025-09-24 17:00,178.94
2025-09-24 18:00,0.0
2025-09-24 19:00,0.0
2025-09-24 20:00,0.0
2025-09-24 21:00,0.0
2025-09-24 22:00,0.0
2025-09-24 23:00,0.0
2025-09-25 00:00,0.0
2025-09-25 01:00,0.0
2025-09-25 02:00,0.0
2025-09-25 03:00,0.0
2025-09-25 04:00,0.0
2025-09-25 05:00,0.0
2025-09-25 06:00,0.0
2025-09-25 07:00,98.443
2025-09-25 08:00,305.96
2025-09-25 09:00,524.7
2025-09-25 10:00,676.51
2025-09-25 11:00,753.28
2025-09-25 12:00,770.33
2025-09-25 13:00,790.08
2025-09-25 14:00,703.01
2025-09-25 15:00,544.34
2025-09-25 16:00,360.31
2025-09-25 17:00,169.04
2025-09-25 18:00,0.0
2025-09-25 19:00,0.0
2025-09-25 20:00,0.0
2025-09-25 21:00,0.0
2025-09-25 22:00,0.0
2025-09-25 23:00,0.0
2025-09-26 00:00,0.0
2025-09-26 01:00,0.0
2025-09-26 02:00,0.0
2025-09-26 03:00,0.0
2025-09-26 04:00,0.0
2025-09-26 05:00,0.0
2025-09-26 06:00,0.0
2025-09-26 07:00,34.493
2025-09-26 08:00,52.426
2025-09-26 09:00,40.988
2025-09-26 10:00,190.38
2025-09-26 11:00,48.664
2025-09-26 12:00,189.2
2025-09-26 13:00,466.4
2025-09-26 14:00,454.25
2025-09-26 15:00,475.95
2025-09-26 16:00,243.02
2025-09-26 17:00,124.05
2025-09-26 18:00,0.0
2025-09-26 19:00,0.0
2025-09-26 20:00,0.0
2025-09-26 21:00,0.0
2025-09-26 22:00,0.0
2025-09-26 23:00,0.0
2025-09-27 00:00,0.0
2025-09-27 01:00,0.0
2025-09-27 02:00,0.0
2025-09-27 03:00,0.0
2025-09-27 04:00,0.0
2025-09-27 05:00,0.0
2025-09-27 06:00,0.0
2025-09-27 07:00,114.66
2025-09-27 08:00,376.95
2025-09-27 09:00,568.15
2025-09-27 10:00,508.87
2025-09-27 11:00,413.66
2025-09-27 12:00,525.97
2025-09-27 13:00,681.85
2025-09-27 14:00,587.79
2025-09-27 15:00,293.95
2025-09-27 16:00,309.78
2025-09-27 17:00,95.571
2025-09-27 18:00,0.0
2025-09-27 19:00,0.0
2025-09-27 20:00,0.0
2025-09-27 21:00,0.0
2025-09-27 22:00,0.0
2025-09-27 23:00,0.0
2025-09-28 00:00,0.0
2025-09-28 01:00,0.0
2025-09-28 02:00,0.0
2025-09-28 03:00,0.0
2025-09-28 04:00,0.0
2025-09-28 05:00,0.0
2025-09-28 06:00,0.0
2025-09-28 07:00,87.576
2025-09-28 08:00,281.74
2025-09-28 09:00,465.37
2025-09-28 10:00,536.3
2025-09-28 11:00,639.89
2025-09-28 12:00,691.6
2025-09-28 13:00,751.83
2025-09-28 14:00,642.59
2025-09-28 15:00,502.46
2025-09-28 16:00,334.0
2025-09-28 17:00,93.865
2025-09-28 18:00,0.0
2025-09-28 19:00,0.0
2025-09-28 20:00,0.0
2025-09-28 21:00,0.0
2025-09-28 22:00,0.0
2025-09-28 23:00,0.0
2025-09-29 00:00,0.0
2025-09-29 01:00,0.0
2025-09-29 02:00,0.0
2025-09-29 03:00,0.0
2025-09-29 04:00,0.0
2025-09-29 05:00,0.0
2025-09-29 06:00,0.0
2025-09-29 07:00,103.32
2025-09-29 08:00,340.45
2025-09-29 09:00,572.21
2025-09-29 10:00,725.26
2025-09-29 11:00,822.98
2025-09-29 12:00,862.55
2025-09-29 13:00,847.65
2025-09-29 14:00,761.17
2025-09-29 15:00,609.21
2025-09-29 16:00,386.77
2025-09-29 17:00,148.81
2025-09-29 18:00,0.0
2025-09-29 19:00,0.0
2025-09-29 20:00,0.0
2025-09-29 21:00,0.0
2025-09-29 22:00,0.0
2025-09-29 23:00,0.0
2025-09-30 00:00,0.0
2025-09-30 01:00,0.0
2025-09-30 02:00,0.0
2025-09-30 03:00,0.0
2025-09-30 04:00,0.0
2025-09-30 05:00,0.0
2025-09-30 06:00,0.0
2025-09-30 07:00,92.293
2025-09-30 08:00,303.03
2025-09-30 09:00,505.29
2025-09-30 10:00,657.61
2025-09-30 11:00,740.49
2025-09-30 12:00,757.15
2025-09-30 13:00,748.6
2025-09-30 14:00,658.35
2025-09-30 15:00,519.99
2025-09-30 16:00,344.05
2025-09-30 17:00,132.0
2025-09-30 18:00,0.0
2025-09-30 19:00,0.0
2025-09-30 20:00,0.0
2025-09-30 21:00,0.0
2025-09-30 22:00,0.0
2025-09-30 23:00,0.0
2025-10-01 00:00,0.0
2025-10-01 01:00,0.0
2025-10-01 02:00,0.0
2025-10-01 03:00,0.0
2025-10-01 04:00,0.0
2025-10-01 05:00,0.0
2025-10-01 06:00,0.0
2025-10-01 07:00,100.39
2025-10-01 08:00,323.77
2025-10-01 09:00,556.63
2025-10-01 10:00,731.06
2025-10-01 11:00,844.13
2025-10-01 12:00,879.17
2025-10-01 13:00,864.24
2025-10-01 14:00,784.78
2025-10-01 15:00,623.03
2025-10-01 16:00,411.51
2025-10-01 17:00,157.74
2025-10-01 18:00,0.0
2025-10-01 19:00,0.0
2025-10-01 20:00,0.0
2025-10-01 21:00,0.0
2025-10-01 22:00,0.0
2025-10-01 23:00,0.0
2025-10-02 00:00,0.0
2025-10-02 01:00,0.0
2025-10-02 02:00,0.0
2025-10-02 03:00,0.0
2025-10-02 04:00,0.0
2025-10-02 05:00,0.0
2025-10-02 06:00,0.0
2025-10-02 07:00,100.24
2025-10-02 08:00,325.55
2025-10-02 09:00,547.92
2025-10-02 10:00,732.93
2025-10-02 11:00,820.9
2025-10-02 12:00,874.67
2025-10-02 13:00,847.33
2025-10-02 14:00,767.34
2025-10-02 15:00,601.47
2025-10-02 16:00,387.21
2025-10-02 17:00,141.37
2025-10-02 18:00,0.0
2025-10-02 19:00,0.0
2025-10-02 20:00,0.0
2025-10-02 21:00,0.0
2025-10-02 22:00,0.0
2025-10-02 23:00,0.0
2025-10-03 00:00,0.0
2025-10-03 01:00,0.0
2025-10-03 02:00,0.0
2025-10-03 03:00,0.0
2025-10-03 04:00,0.0
2025-10-03 05:00,0.0
2025-10-03 06:00,0.0
2025-10-03 07:00,57.861
2025-10-03 08:00,159.93
2025-10-03 09:00,306.63
2025-10-03 10:00,426.36
2025-10-03 11:00,432.1
2025-10-03 12:00,461.54
2025-10-03 13:00,477.12
2025-10-03 14:00,445.09
2025-10-03 15:00,355.04
2025-10-03 16:00,211.15
2025-10-03 17:00,72.966
2025-10-03 18:00,0.0
2025-10-03 19:00,0.0
2025-10-03 20:00,0.0
2025-10-03 21:00,0.0
2025-10-03 22:00,0.0
2025-10-03 23:00,0.0
2025-10-04 00:00,0.0
2025-10-04 01:00,0.0
2025-10-04 02:00,0.0
2025-10-04 03:00,0.0
2025-10-04 04:00,0.0
2025-10-04 05:00,0.0
2025-10-04 06:00,0.0
2025-10-04 07:00,0.0
2025-10-04 08:00,88.426
2025-10-04 09:00,123.3
2025-10-04 10:00,33.855
2025-10-04 11:00,96.923
2025-10-04 12:00,874.95
2025-10-04 13:00,571.38
2025-10-04 14:00,653.25
2025-10-04 15:00,642.69
2025-10-04 16:00,414.96
2025-10-04 17:00,147.71
2025-10-04 18:00,1.0646
2025-10-04 19:00,0.0
2025-10-04 20:00,0.0
2025-10-04 21:00,0.0
2025-10-04 22:00,0.0
2025-10-04 23:00,0.0
2025-10-05 00:00,0.0
2025-10-05 01:00,0.0
2025-10-05 02:00,0.0
2025-10-05 03:00,0.0
2025-10-05 04:00,0.0
2025-10-05 05:00,0.0
2025-10-05 06:00,0.0
2025-10-05 07:00,43.1
2025-10-05 08:00,151.54
2025-10-05 09:00,283.61
2025-10-05 10:00,408.76
2025-10-05 11:00,491.61
2025-10-05 12:00,448.64
2025-10-05 13:00,448.36
2025-10-05 14:00,387.35
2025-10-05 15:00,293.21
2025-10-05 16:00,158.79
2025-10-05 17:00,54.933
2025-10-05 18:00,0.0
2025-10-05 19:00,0.0
2025-10-05 20:00,0.0
2025-10-05 21:00,0.0
2025-10-05 22:00,0.0
2025-10-05 23:00,0.0
2025-10-06 00:00,0.0
2025-10-06 01:00,0.0
2025-10-06 02:00,0.0
2025-10-06 03:00,0.0
2025-10-06 04:00,0.0
2025-10-06 05:00,0.0
2025-10-06 06:00,0.0
2025-10-06 07:00,0.0
2025-10-06 08:00,61.45
2025-10-06 09:00,337.96
2025-10-06 10:00,614.22
2025-10-06 11:00,755.7
2025-10-06 12:00,448.11
2025-10-06 13:00,537.25
2025-10-06 14:00,534.64
2025-10-06 15:00,410.09
2025-10-06 16:00,140.29
2025-10-06 17:00,1.1334
2025-10-06 18:00,0.0
2025-10-06 19:00,0.0
2025-10-06 20:00,0.0
2025-10-06 21:00,0.0
2025-10-06 22:00,0.0
2025-10-06 23:00,0.0
2025-10-07 00:00,0.0
2025-10-07 01:00,0.0
2025-10-07 02:00,0.0
2025-10-07 03:00,0.0
2025-10-07 04:00,0.0
2025-10-07 05:00,0.0
2025-10-07 06:00,0.0
2025-10-07 07:00,116.39
2025-10-07 08:00,386.77
2025-10-07 09:00,629.38
2025-10-07 10:00,800.51
2025-10-07 11:00,902.03
2025-10-07 12:00,938.32
2025-10-07 13:00,908.51
2025-10-07 14:00,817.58
2025-10-07 15:00,654.77
2025-10-07 16:00,422.37
2025-10-07 17:00,151.59
2025-10-07 18:00,0.0
2025-10-07 19:00,0.0
2025-10-07 20:00,0.0
2025-10-07 21:00,0.0
2025-10-07 22:00,0.0
2025-10-07 23:00,0.0
2025-10-08 00:00,0.0
2025-10-08 01:00,0.0
2025-10-08 02:00,0.0
2025-10-08 03:00,0.0
2025-10-08 04:00,0.0
2025-10-08 05:00,0.0
2025-10-08 06:00,0.0
2025-10-08 07:00,90.693
2025-10-08 08:00,306.99
2025-10-08 09:00,496.61
2025-10-08 10:00,646.2
2025-10-08 11:00,733.38
2025-10-08 12:00,763.69
2025-10-08 13:00,735.37
2025-10-08 14:00,655.18
2025-10-08 15:00,512.55
2025-10-08 16:00,328.23
2025-10-08 17:00,110.21
2025-10-08 18:00,0.0
2025-10-08 19:00,0.0
2025-10-08 20:00,0.0
2025-10-08 21:00,0.0
2025-10-08 22:00,0.0
2025-10-08 23:00,0.0
2025-10-09 00:00,0.0
2025-10-09 01:00,0.0
2025-10-09 02:00,0.0
2025-10-09 03:00,0.0
2025-10-09 04:00,0.0
2025-10-09 05:00,0.0
2025-10-09 06:00,0.0
2025-10-09 07:00,37.497
2025-10-09 08:00,83.786
2025-10-09 09:00,210.34
2025-10-09 10:00,184.23
2025-10-09 11:00,150.4
2025-10-09 12:00,235.77
2025-10-09 13:00,261.61
2025-10-09 14:00,261.04
2025-10-09 15:00,153.95
2025-10-09 16:00,246.16
2025-10-09 17:00,10.338
2025-10-09 18:00,0.0
2025-10-09 19:00,0.0
2025-10-09 20:00,0.0
2025-10-09 21:00,0.0
2025-10-09 22:00,0.0
2025-10-09 23:00,0.0
2025-10-10 00:00,0.0
2025-10-10 01:00,0.0
2025-10-10 02:00,0.0
2025-10-10 03:00,0.0
2025-10-10 04:00,0.0
2025-10-10 05:00,0.0
2025-10-10 06:00,0.0
2025-10-10 07:00,0.0
2025-10-10 08:00,36.331
2025-10-10 09:00,120.93
2025-10-10 10:00,179.87
2025-10-10 11:00,206.85
2025-10-10 12:00,284.25
2025-10-10 13:00,205.43
2025-10-10 14:00,190.74
2025-10-10 15:00,192.9
2025-10-10 16:00,144.09
2025-10-10 17:00,50.488
2025-10-10 18:00,0.0
2025-10-10 19:00,0.0
2025-10-10 20:00,0.0
2025-10-10 21:00,0.0
2025-10-10 22:00,0.0
2025-10-10 23:00,0.0
2025-10-11 00:00,0.0
2025-10-11 01:00,0.0
2025-10-11 02:00,0.0
2025-10-11 03:00,0.0
2025-10-11 04:00,0.0
2025-10-11 05:00,0.0
2025-10-11 06:00,0.0
2025-10-11 07:00,72.274
2025-10-11 08:00,229.57
2025-10-11 09:00,156.35
2025-10-11 10:00,437.54
2025-10-11 11:00,509.65
2025-10-11 12:00,270.72
2025-10-11 13:00,84.418
2025-10-11 14:00,186.68
2025-10-11 15:00,171.51
2025-10-11 16:00,217.28
2025-10-11 17:00,112.41
2025-10-11 18:00,0.0
2025-10-11 19:00,0.0
2025-10-11 20:00,0.0
2025-10-11 21:00,0.0
2025-10-11 22:00,0.0
2025-10-11 23:00,0.0
2025-10-12 00:00,0.0
2025-10-12 01:00,0.0
2025-10-12 02:00,0.0
2025-10-12 03:00,0.0
2025-10-12 04:00,0.0
2025-10-12 05:00,0.0
2025-10-12 06:00,0.0
2025-10-12 07:00,84.841
2025-10-12 08:00,258.97
2025-10-12 09:00,484.52
2025-10-12 10:00,618.49
2025-10-12 11:00,760.01
2025-10-12 12:00,720.18
2025-10-12 13:00,745.23
2025-10-12 14:00,477.18
2025-10-12 15:00,299.69
2025-10-12 16:00,251.36
2025-10-12 17:00,96.517
2025-10-12 18:00,0.0
2025-10-12 19:00,0.0
2025-10-12 20:00,0.0
2025-10-12 21:00,0.0
2025-10-12 22:00,0.0
2025-10-12 23:00,0.0
2025-10-13 00:00,0.0
2025-10-13 01:00,0.0
2025-10-13 02:00,0.0
2025-10-13 03:00,0.0
2025-10-13 04:00,0.0
2025-10-13 05:00,0.0
2025-10-13 06:00,0.0
2025-10-13 07:00,73.122
2025-10-13 08:00,281.35
2025-10-13 09:00,529.51
2025-10-13 10:00,701.0
2025-10-13 11:00,767.0
2025-10-13 12:00,822.28
2025-10-13 13:00,792.6
2025-10-13 14:00,642.9
2025-10-13 15:00,462.76
2025-10-13 16:00,266.32
2025-10-13 17:00,87.226
2025-10-13 18:00,0.0
2025-10-13 19:00,0.0
2025-10-13 20:00,0.0
2025-10-13 21:00,0.0
2025-10-13 22:00,0.0
2025-10-13 23:00,0.0
2025-10-14 00:00,0.0
2025-10-14 01:00,0.0
2025-10-14 02:00,0.0
2025-10-14 03:00,0.0
2025-10-14 04:00,0.0
2025-10-14 05:00,0.0
2025-10-14 06:00,0.0
2025-10-14 07:00,29.649
2025-10-14 08:00,126.52
2025-10-14 09:00,125.67
2025-10-14 10:00,110.59
2025-10-14 11:00,359.24
2025-10-14 12:00,308.05
2025-10-14 13:00,630.28
2025-10-14 14:00,405.24
2025-10-14 15:00,62.542
2025-10-14 16:00,39.571
2025-10-14 17:00,33.903
2025-10-14 18:00,0.0
2025-10-14 19:00,0.0
2025-10-14 20:00,0.0
2025-10-14 21:00,0.0
2025-10-14 22:00,0.0
2025-10-14 23:00,0.0
2025-10-15 00:00,0.0
2025-10-15 01:00,0.0
2025-10-15 02:00,0.0
2025-10-15 03:00,0.0
2025-10-15 04:00,0.0
2025-10-15 05:00,0.0
2025-10-15 06:00,0.0
2025-10-15 07:00,7.6382
2025-10-15 08:00,16.363
2025-10-15 09:00,67.078
2025-10-15 10:00,98.538
2025-10-15 11:00,39.058
2025-10-15 12:00,69.166
2025-10-15 13:00,65.942
2025-10-15 14:00,712.31
2025-10-15 15:00,614.75
2025-10-15 16:00,350.83
2025-10-15 17:00,114.48
2025-10-15 18:00,0.0
2025-10-15 19:00,0.0
2025-10-15 20:00,0.0
2025-10-15 21:00,0.0
2025-10-15 22:00,0.0
2025-10-15 23:00,0.0
2025-10-16 00:00,0.0
2025-10-16 01:00,0.0
2025-10-16 02:00,0.0
2025-10-16 03:00,0.0
2025-10-16 04:00,0.0
2025-10-16 05:00,0.0
2025-10-16 06:00,0.0
2025-10-16 07:00,17.577
2025-10-16 08:00,263.96
2025-10-16 09:00,386.57
2025-10-16 10:00,524.39
2025-10-16 11:00,607.28
2025-10-16 12:00,727.23
2025-10-16 13:00,832.19
2025-10-16 14:00,654.28
2025-10-16 15:00,388.09
2025-10-16 16:00,183.21
2025-10-16 17:00,72.111
2025-10-16 18:00,0.0
2025-10-16 19:00,0.0
2025-10-16 20:00,0.0
2025-10-16 21:00,0.0
2025-10-16 22:00,0.0
2025-10-16 23:00,0.0
2025-10-17 00:00,0.0
2025-10-17 01:00,0.0
2025-10-17 02:00,0.0
2025-10-17 03:00,0.0
2025-10-17 04:00,0.0
2025-10-17 05:00,0.0
2025-10-17 06:00,0.0
2025-10-17 07:00,14.297
2025-10-17 08:00,264.48
2025-10-17 09:00,535.68
2025-10-17 10:00,657.88
2025-10-17 11:00,757.0
2025-10-17 12:00,826.16
2025-10-17 13:00,757.15
2025-10-17 14:00,622.24
2025-10-17 15:00,437.67
2025-10-17 16:00,250.86
2025-10-17 17:00,71.213
2025-10-17 18:00,0.0
2025-10-17 19:00,0.0
2025-10-17 20:00,0.0
2025-10-17 21:00,0.0
2025-10-17 22:00,0.0
2025-10-17 23:00,0.0
2025-10-18 00:00,0.0
2025-10-18 01:00,0.0
2025-10-18 02:00,0.0
2025-10-18 03:00,0.0
2025-10-18 04:00,0.0
2025-10-18 05:00,0.0
2025-10-18 06:00,0.0
2025-10-18 07:00,6.9468
2025-10-18 08:00,149.01
2025-10-18 09:00,195.17
2025-10-18 10:00,347.18
2025-10-18 11:00,509.95
2025-10-18 12:00,643.34
2025-10-18 13:00,680.72
2025-10-18 14:00,670.94
2025-10-18 15:00,439.44
2025-10-18 16:00,323.23
2025-10-18 17:00,23.663
2025-10-18 18:00,0.0
2025-10-18 19:00,0.0
2025-10-18 20:00,0.0
2025-10-18 21:00,0.0
2025-10-18 22:00,0.0
2025-10-18 23:00,0.0
2025-10-19 00:00,0.0
2025-10-19 01:00,0.0
2025-10-19 02:00,0.0
2025-10-19 03:00,0.0
2025-10-19 04:00,0.0
2025-10-19 05:00,0.0
2025-10-19 06:00,0.0
2025-10-19 07:00,12.984
2025-10-19 08:00,294.19
2025-10-19 09:00,557.15
2025-10-19 10:00,730.08
2025-10-19 11:00,816.58
2025-10-19 12:00,861.32
2025-10-19 13:00,831.73
2025-10-19 14:00,734.65
2025-10-19 15:00,570.11
2025-10-19 16:00,300.26
2025-10-19 17:00,13.416
2025-10-19 18:00,0.0
2025-10-19 19:00,0.0
2025-10-19 20:00,0.0
2025-10-19 21:00,0.0
2025-10-19 22:00,0.0
2025-10-19 23:00,0.0
2025-10-20 00:00,0.0
2025-10-20 01:00,0.0
2025-10-20 02:00,0.0
2025-10-20 03:00,0.0
2025-10-20 04:00,0.0
2025-10-20 05:00,0.0
2025-10-20 06:00,0.0
2025-10-20 07:00,9.0006
2025-10-20 08:00,263.6
2025-10-20 09:00,453.17
2025-10-20 10:00,652.21
2025-10-20 11:00,770.6
2025-10-20 12:00,732.6
2025-10-20 13:00,765.46
2025-10-20 14:00,657.67
2025-10-20 15:00,484.41
2025-10-20 16:00,271.88
2025-10-20 17:00,14.204
2025-10-20 18:00,0.0
2025-10-20 19:00,0.0
2025-10-20 20:00,0.0
2025-10-20 21:00,0.0
2025-10-20 22:00,0.0
2025-10-20 23:00,0.0
2025-10-21 00:00,0.0
2025-10-21 01:00,0.0
2025-10-21 02:00,0.0
2025-10-21 03:00,0.0
2025-10-21 04:00,0.0
2025-10-21 05:00,0.0
2025-10-21 06:00,0.0
2025-10-21 07:00,9.9067
2025-10-21 08:00,280.22
2025-10-21 09:00,495.52
2025-10-21 10:00,654.14
2025-10-21 11:00,751.05
2025-10-21 12:00,780.97
2025-10-21 13:00,779.53
2025-10-21 14:00,666.74
2025-10-21 15:00,529.6
2025-10-21 16:00,278.82
2025-10-21 17:00,13.262
2025-10-21 18:00,0.0
2025-10-21 19:00,0.0
2025-10-21 20:00,0.0
2025-10-21 21:00,0.0
2025-10-21 22:00,0.0
2025-10-21 23:00,0.0
2025-10-22 00:00,0.0
2025-10-22 01:00,0.0
2025-10-22 02:00,0.0
2025-10-22 03:00,0.0
2025-10-22 04:00,0.0
2025-10-22 05:00,0.0
2025-10-22 06:00,0.0
2025-10-22 07:00,0.0
2025-10-22 08:00,45.102
2025-10-22 09:00,162.41
2025-10-22 10:00,181.06
2025-10-22 11:00,367.11
2025-10-22 12:00,258.53
2025-10-22 13:00,120.69
2025-10-22 14:00,151.63
2025-10-22 15:00,121.11
2025-10-22 16:00,196.73
2025-10-22 17:00,9.2725
2025-10-22 18:00,0.0
2025-10-22 19:00,0.0
2025-10-22 20:00,0.0
2025-10-22 21:00,0.0
2025-10-22 22:00,0.0
2025-10-22 23:00,0.0
2025-10-23 00:00,0.0
2025-10-23 01:00,0.0
2025-10-23 02:00,0.0
2025-10-23 03:00,0.0
2025-10-23 04:00,0.0
2025-10-23 05:00,0.0
2025-10-23 06:00,0.0
2025-10-23 07:00,7.2575
2025-10-23 08:00,81.981
2025-10-23 09:00,277.96
2025-10-23 10:00,637.44
2025-10-23 11:00,780.75
2025-10-23 12:00,598.07
2025-10-23 13:00,451.58
2025-10-23 14:00,378.48
2025-10-23 15:00,482.01
2025-10-23 16:00,262.61
2025-10-23 17:00,3.8208
2025-10-23 18:00,0.0
2025-10-23 19:00,0.0
2025-10-23 20:00,0.0
2025-10-23 21:00,0.0
2025-10-23 22:00,0.0
2025-10-23 23:00,0.0
2025-10-24 00:00,0.0
2025-10-24 01:00,0.0
2025-10-24 02:00,0.0
2025-10-24 03:00,0.0
2025-10-24 04:00,0.0
2025-10-24 05:00,0.0
2025-10-24 06:00,0.0
2025-10-24 07:00,2.5834
2025-10-24 08:00,130.9
2025-10-24 09:00,254.06
2025-10-24 10:00,261.31
2025-10-24 11:00,409.3
2025-10-24 12:00,321.9
2025-10-24 13:00,223.59
2025-10-24 14:00,147.93
2025-10-24 15:00,120.22
2025-10-24 16:00,52.707
2025-10-24 17:00,0.0
2025-10-24 18:00,0.0
2025-10-24 19:00,0.0
2025-10-24 20:00,0.0
2025-10-24 21:00,0.0
2025-10-24 22:00,0.0
2025-10-24 23:00,0.0
2025-10-25 00:00,0.0
2025-10-25 01:00,0.0
2025-10-25 02:00,0.0
2025-10-25 03:00,0.0
2025-10-25 04:00,0.0
2025-10-25 05:00,0.0
2025-10-25 06:00,0.0
2025-10-25 07:00,0.0
2025-10-25 08:00,71.427
2025-10-25 09:00,148.61
2025-10-25 10:00,320.28
2025-10-25 11:00,304.82
2025-10-25 12:00,495.22
2025-10-25 13:00,329.94
2025-10-25 14:00,200.76
2025-10-25 15:00,120.53
2025-10-25 16:00,62.619
2025-10-25 17:00,0.0
2025-10-25 18:00,0.0
2025-10-25 19:00,0.0
2025-10-25 20:00,0.0
2025-10-25 21:00,0.0
2025-10-25 22:00,0.0
2025-10-25 23:00,0.0
2025-10-26 00:00,0.0
2025-10-26 01:00,0.0
2025-10-26 02:00,0.0
2025-10-26 03:00,0.0
2025-10-26 04:00,0.0
2025-10-26 05:00,0.0
2025-10-26 06:00,0.0
2025-10-26 07:00,4.1619
2025-10-26 08:00,322.44
2025-10-26 09:00,567.47
2025-10-26 10:00,741.86
2025-10-26 11:00,839.81
2025-10-26 12:00,876.77
2025-10-26 13:00,835.9
2025-10-26 14:00,742.73
2025-10-26 15:00,566.7
2025-10-26 16:00,324.13
2025-10-26 17:00,4.0501
2025-10-26 18:00,0.0
2025-10-26 19:00,0.0
2025-10-26 20:00,0.0
2025-10-26 21:00,0.0
2025-10-26 22:00,0.0
2025-10-26 23:00,0.0
2025-10-27 00:00,0.0
2025-10-27 01:00,0.0
2025-10-27 02:00,0.0
2025-10-27 03:00,0.0
2025-10-27 04:00,0.0
2025-10-27 05:00,0.0
2025-10-27 06:00,0.0
2025-10-27 07:00,1.146
2025-10-27 08:00,224.61
2025-10-27 09:00,450.41
2025-10-27 10:00,650.69
2025-10-27 11:00,776.23
2025-10-27 12:00,705.7
2025-10-27 13:00,736.85
2025-10-27 14:00,518.8
2025-10-27 15:00,274.11
2025-10-27 16:00,147.64
2025-10-27 17:00,0.0
2025-10-27 18:00,0.0
2025-10-27 19:00,0.0
2025-10-27 20:00,0.0
2025-10-27 21:00,0.0
2025-10-27 22:00,0.0
2025-10-27 23:00,0.0
2025-10-28 00:00,0.0
2025-10-28 01:00,0.0
2025-10-28 02:00,0.0
2025-10-28 03:00,0.0
2025-10-28 04:00,0.0
2025-10-28 05:00,0.0
2025-10-28 06:00,0.0
2025-10-28 07:00,2.0811
2025-10-28 08:00,225.82
2025-10-28 09:00,430.32
2025-10-28 10:00,506.63
2025-10-28 11:00,701.67
2025-10-28 12:00,714.96
2025-10-28 13:00,666.13
2025-10-28 14:00,692.25
2025-10-28 15:00,536.84
2025-10-28 16:00,295.94
2025-10-28 17:00,5.74
2025-10-28 18:00,0.0
2025-10-28 19:00,0.0
2025-10-28 20:00,0.0
2025-10-28 21:00,0.0
2025-10-28 22:00,0.0
2025-10-28 23:00,0.0
2025-10-29 00:00,0.0
2025-10-29 01:00,0.0
2025-10-29 02:00,0.0
2025-10-29 03:00,0.0
2025-10-29 04:00,0.0
2025-10-29 05:00,0.0
2025-10-29 06:00,0.0
2025-10-29 07:00,1.1377
2025-10-29 08:00,278.45
2025-10-29 09:00,433.54
2025-10-29 10:00,366.49
2025-10-29 11:00,339.82
2025-10-29 12:00,338.36
2025-10-29 13:00,711.62
2025-10-29 14:00,675.05
2025-10-29 15:00,470.42
2025-10-29 16:00,291.72
2025-10-29 17:00,4.8899
2025-10-29 18:00,0.0
2025-10-29 19:00,0.0
2025-10-29 20:00,0.0
2025-10-29 21:00,0.0
2025-10-29 22:00,0.0
2025-10-29 23:00,0.0
2025-10-30 00:00,0.0
2025-10-30 01:00,0.0
2025-10-30 02:00,0.0
2025-10-30 03:00,0.0
2025-10-30 04:00,0.0
2025-10-30 05:00,0.0
2025-10-30 06:00,0.0
2025-10-30 07:00,0.5684
2025-10-30 08:00,125.8
2025-10-30 09:00,297.67
2025-10-30 10:00,486.04
2025-10-30 11:00,541.29
2025-10-30 12:00,576.16
2025-10-30 13:00,433.55
2025-10-30 14:00,478.7
2025-10-30 15:00,402.51
2025-10-30 16:00,265.75
2025-10-30 17:00,5.4629
2025-10-30 18:00,0.0
2025-10-30 19:00,0.0
2025-10-30 20:00,0.0
2025-10-30 21:00,0.0
2025-10-30 22:00,0.0
2025-10-30 23:00,0.0
2025-10-31 00:00,0.0
2025-10-31 01:00,0.0
2025-10-31 02:00,0.0
2025-10-31 03:00,0.0
2025-10-31 04:00,0.0
2025-10-31 05:00,0.0
2025-10-31 06:00,0.0
2025-10-31 07:00,0.0
2025-10-31 08:00,225.84
2025-10-31 09:00,509.34
2025-10-31 10:00,569.16
2025-10-31 11:00,479.26
2025-10-31 12:00,539.68
2025-10-31 13:00,275.01
2025-10-31 14:00,452.39
2025-10-31 15:00,172.55
2025-10-31 16:00,178.17
2025-10-31 17:00,2.0053
2025-10-31 18:00,0.0
2025-10-31 19:00,0.0
2025-10-31 20:00,0.0
2025-10-31 21:00,0.0
2025-10-31 22:00,0.0
2025-10-31 23:00,0.0
2025-11-01 00:00,0.0
2025-11-01 01:00,0.0
2025-11-01 02:00,0.0
2025-11-01 03:00,0.0
2025-11-01 04:00,0.0
2025-11-01 05:00,0.0
2025-11-01 06:00,0.0
2025-11-01 07:00,0.0
2025-11-01 08:00,65.125
2025-11-01 09:00,273.17
2025-11-01 10:00,489.92
2025-11-01 11:00,490.53
2025-11-01 12:00,503.16
2025-11-01 13:00,646.68
2025-11-01 14:00,532.24
2025-11-01 15:00,357.41
2025-11-01 16:00,87.138
2025-11-01 17:00,0.0
2025-11-01 18:00,0.0
2025-11-01 19:00,0.0
2025-11-01 20:00,0.0
2025-11-01 21:00,0.0
2025-11-01 22:00,0.0
2025-11-01 23:00,0.0
2025-11-02 00:00,0.0
2025-11-02 01:00,0.0
2025-11-02 02:00,0.0
2025-11-02 03:00,0.0
2025-11-02 04:00,0.0
2025-11-02 05:00,0.0
2025-11-02 06:00,0.0
2025-11-02 07:00,0.0
2025-11-02 08:00,252.27
2025-11-02 09:00,408.98
2025-11-02 10:00,484.76
2025-11-02 11:00,577.02
2025-11-02 12:00,682.96
2025-11-02 13:00,785.93
2025-11-02 14:00,613.75
2025-11-02 15:00,464.06
2025-11-02 16:00,250.94
2025-11-02 17:00,0.0
2025-11-02 18:00,0.0
2025-11-02 19:00,0.0
2025-11-02 20:00,0.0
2025-11-02 21:00,0.0
2025-11-02 22:00,0.0
2025-11-02 23:00,0.0
2025-11-03 00:00,0.0
2025-11-03 01:00,0.0
2025-11-03 02:00,0.0
2025-11-03 03:00,0.0
2025-11-03 04:00,0.0
2025-11-03 05:00,0.0
2025-11-03 06:00,0.0
2025-11-03 07:00,0.0
2025-11-03 08:00,7.1427
2025-11-03 09:00,28.65
2025-11-03 10:00,50.724
2025-11-03 11:00,76.751
2025-11-03 12:00,115.33
2025-11-03 13:00,121.99
2025-11-03 14:00,696.73
2025-11-03 15:00,575.06
2025-11-03 16:00,340.37
2025-11-03 17:00,0.0
2025-11-03 18:00,0.0
2025-11-03 19:00,0.0
2025-11-03 20:00,0.0
2025-11-03 21:00,0.0
2025-11-03 22:00,0.0
2025-11-03 23:00,0.0
2025-11-04 00:00,0.0
2025-11-04 01:00,0.0
2025-11-04 02:00,0.0
2025-11-04 03:00,0.0
2025-11-04 04:00,0.0
2025-11-04 05:00,0.0
2025-11-04 06:00,0.0
2025-11-04 07:00,0.0
2025-11-04 08:00,7.7387
2025-11-04 09:00,25.574
2025-11-04 10:00,30.966
2025-11-04 11:00,38.79
2025-11-04 12:00,40.017
2025-11-04 13:00,35.356
2025-11-04 14:00,564.43
2025-11-04 15:00,483.26
2025-11-04 16:00,261.99
2025-11-04 17:00,0.0
2025-11-04 18:00,0.0
2025-11-04 19:00,0.0
2025-11-04 20:00,0.0
2025-11-04 21:00,0.0
2025-11-04 22:00,0.0
2025-11-04 23:00,0.0
2025-11-05 00:00,0.0
2025-11-05 01:00,0.0
2025-11-05 02:00,0.0
2025-11-05 03:00,0.0
2025-11-05 04:00,0.0
2025-11-05 05:00,0.0
2025-11-05 06:00,0.0
2025-11-05 07:00,0.0
2025-11-05 08:00,3.1299
2025-11-05 09:00,22.552
2025-11-05 10:00,48.067
2025-11-05 11:00,63.137
2025-11-05 12:00,81.804
2025-11-05 13:00,62.958
2025-11-05 14:00,619.19
2025-11-05 15:00,493.8
2025-11-05 16:00,268.06
2025-11-05 17:00,0.0
2025-11-05 18:00,0.0
2025-11-05 19:00,0.0
2025-11-05 20:00,0.0
2025-11-05 21:00,0.0
2025-11-05 22:00,0.0
2025-11-05 23:00,0.0
2025-11-06 00:00,0.0
2025-11-06 01:00,0.0
2025-11-06 02:00,0.0
2025-11-06 03:00,0.0
2025-11-06 04:00,0.0
2025-11-06 05:00,0.0
2025-11-06 06:00,0.0
2025-11-06 07:00,0.0
2025-11-06 08:00,303.31
2025-11-06 09:00,565.53
2025-11-06 10:00,751.76
2025-11-06 11:00,859.26
2025-11-06 12:00,891.51
2025-11-06 13:00,861.79
2025-11-06 14:00,756.01
2025-11-06 15:00,572.17
2025-11-06 16:00,317.52
2025-11-06 17:00,0.0
2025-11-06 18:00,0.0
2025-11-06 19:00,0.0
2025-11-06 20:00,0.0
2025-11-06 21:00,0.0
2025-11-06 22:00,0.0
2025-11-06 23:00,0.0
2025-11-07 00:00,0.0
2025-11-07 01:00,0.0
2025-11-07 02:00,0.0
2025-11-07 03:00,0.0
2025-11-07 04:00,0.0
2025-11-07 05:00,0.0
2025-11-07 06:00,0.0
2025-11-07 07:00,0.0
2025-11-07 08:00,249.15
2025-11-07 09:00,517.39
2025-11-07 10:00,668.18
2025-11-07 11:00,750.94
2025-11-07 12:00,796.67
2025-11-07 13:00,751.94
2025-11-07 14:00,632.81
2025-11-07 15:00,457.79
2025-11-07 16:00,250.92
2025-11-07 17:00,0.0
2025-11-07 18:00,0.0
2025-11-07 19:00,0.0
2025-11-07 20:00,0.0
2025-11-07 21:00,0.0
2025-11-07 22:00,0.0
2025-11-07 23:00,0.0
2025-11-08 00:00,0.0
2025-11-08 01:00,0.0
2025-11-08 02:00,0.0
2025-11-08 03:00,0.0
2025-11-08 04:00,0.0
2025-11-08 05:00,0.0
2025-11-08 06:00,0.0
2025-11-08 07:00,0.0
2025-11-08 08:00,107.02
2025-11-08 09:00,276.51
2025-11-08 10:00,166.96
2025-11-08 11:00,228.22
2025-11-08 12:00,273.13
2025-11-08 13:00,211.15
2025-11-08 14:00,271.03
2025-11-08 15:00,256.75
2025-11-08 16:00,89.67
2025-11-08 17:00,0.0
2025-11-08 18:00,0.0
2025-11-08 19:00,0.0
2025-11-08 20:00,0.0
2025-11-08 21:00,0.0
2025-11-08 22:00,0.0
2025-11-08 23:00,0.0
2025-11-09 00:00,0.0
2025-11-09 01:00,0.0
2025-11-09 02:00,0.0
2025-11-09 03:00,0.0
2025-11-09 04:00,0.0
2025-11-09 05:00,0.0
2025-11-09 06:00,0.0
2025-11-09 07:00,0.0
2025-11-09 08:00,237.25
2025-11-09 09:00,352.34
2025-11-09 10:00,194.57
2025-11-09 11:00,576.7
2025-11-09 12:00,430.79
2025-11-09 13:00,30.683
2025-11-09 14:00,698.97
2025-11-09 15:00,89.267
2025-11-09 16:00,197.73
2025-11-09 17:00,0.0
2025-11-09 18:00,0.0
2025-11-09 19:00,0.0
2025-11-09 20:00,0.0
2025-11-09 21:00,0.0
2025-11-09 22:00,0.0
2025-11-09 23:00,0.0
2025-11-10 00:00,0.0
2025-11-10 01:00,0.0
2025-11-10 02:00,0.0
2025-11-10 03:00,0.0
2025-11-10 04:00,0.0
2025-11-10 05:00,0.0
2025-11-10 06:00,0.0
2025-11-10 07:00,0.0
2025-11-10 08:00,33.939
2025-11-10 09:00,95.179
2025-11-10 10:00,166.04
2025-11-10 11:00,180.69
2025-11-10 12:00,199.21
2025-11-10 13:00,199.38
2025-11-10 14:00,179.32
2025-11-10 15:00,118.5
2025-11-10 16:00,49.502
2025-11-10 17:00,0.0
2025-11-10 18:00,0.0
2025-11-10 19:00,0.0
2025-11-10 20:00,0.0
2025-11-10 21:00,0.0
2025-11-10 22:00,0.0
2025-11-10 23:00,0.0
2025-11-11 00:00,0.0
2025-11-11 01:00,0.0
2025-11-11 02:00,0.0
2025-11-11 03:00,0.0
2025-11-11 04:00,0.0
2025-11-11 05:00,0.0
2025-11-11 06:00,0.0
2025-11-11 07:00,0.0
2025-11-11 08:00,267.91
2025-11-11 09:00,526.76
2025-11-11 10:00,711.89
2025-11-11 11:00,805.8
2025-11-11 12:00,705.87
2025-11-11 13:00,320.51
2025-11-11 14:00,172.69
2025-11-11 15:00,118.69
2025-11-11 16:00,48.215
2025-11-11 17:00,0.0
2025-11-11 18:00,0.0
2025-11-11 19:00,0.0
2025-11-11 20:00,0.0
2025-11-11 21:00,0.0
2025-11-11 22:00,0.0
2025-11-11 23:00,0.0
2025-11-12 00:00,0.0
2025-11-12 01:00,0.0
2025-11-12 02:00,0.0
2025-11-12 03:00,0.0
2025-11-12 04:00,0.0
2025-11-12 05:00,0.0
2025-11-12 06:00,0.0
2025-11-12 07:00,0.0
2025-11-12 08:00,207.73
2025-11-12 09:00,452.31
2025-11-12 10:00,554.19
2025-11-12 11:00,621.25
2025-11-12 12:00,701.45
2025-11-12 13:00,618.03
2025-11-12 14:00,503.43
2025-11-12 15:00,379.98
2025-11-12 16:00,116.75
2025-11-12 17:00,0.0
2025-11-12 18:00,0.0
2025-11-12 19:00,0.0
2025-11-12 20:00,0.0
2025-11-12 21:00,0.0
2025-11-12 22:00,0.0
2025-11-12 23:00,0.0
2025-11-13 00:00,0.0
2025-11-13 01:00,0.0
2025-11-13 02:00,0.0
2025-11-13 03:00,0.0
2025-11-13 04:00,0.0
2025-11-13 05:00,0.0
2025-11-13 06:00,0.0
2025-11-13 07:00,0.0
2025-11-13 08:00,44.841
2025-11-13 09:00,218.02
2025-11-13 10:00,334.43
2025-11-13 11:00,368.37
2025-11-13 12:00,671.77
2025-11-13 13:00,616.39
2025-11-13 14:00,438.59
2025-11-13 15:00,235.33
2025-11-13 16:00,211.8
2025-11-13 17:00,0.0
2025-11-13 18:00,0.0
2025-11-13 19:00,0.0
2025-11-13 20:00,0.0
2025-11-13 21:00,0.0
2025-11-13 22:00,0.0
2025-11-13 23:00,0.0
2025-11-14 00:00,0.0
2025-11-14 01:00,0.0
2025-11-14 02:00,0.0
2025-11-14 03:00,0.0
2025-11-14 04:00,0.0
2025-11-14 05:00,0.0
2025-11-14 06:00,0.0
2025-11-14 07:00,0.0
2025-11-14 08:00,18.431
2025-11-14 09:00,67.0
2025-11-14 10:00,86.53
2025-11-14 11:00,107.95
2025-11-14 12:00,97.245
2025-11-14 13:00,67.099
2025-11-14 14:00,583.15
2025-11-14 15:00,480.21
2025-11-14 16:00,231.72
2025-11-14 17:00,0.0
2025-11-14 18:00,0.0
2025-11-14 19:00,0.0
2025-11-14 20:00,0.0
2025-11-14 21:00,0.0
2025-11-14 22:00,0.0
2025-11-14 23:00,0.0
2025-11-15 00:00,0.0
2025-11-15 01:00,0.0
2025-11-15 02:00,0.0
2025-11-15 03:00,0.0
2025-11-15 04:00,0.0
2025-11-15 05:00,0.0
2025-11-15 06:00,0.0
2025-11-15 07:00,0.0
2025-11-15 08:00,101.97
2025-11-15 09:00,222.81
2025-11-15 10:00,268.4
2025-11-15 11:00,324.25
2025-11-15 12:00,321.45
2025-11-15 13:00,291.59
2025-11-15 14:00,241.94
2025-11-15 15:00,133.52
2025-11-15 16:00,49.619
2025-11-15 17:00,0.0
2025-11-15 18:00,0.0
2025-11-15 19:00,0.0
2025-11-15 20:00,0.0
2025-11-15 21:00,0.0
2025-11-15 22:00,0.0
2025-11-15 23:00,0.0
2025-11-16 00:00,0.0
2025-11-16 01:00,0.0
2025-11-16 02:00,0.0
2025-11-16 03:00,0.0
2025-11-16 04:00,0.0
2025-11-16 05:00,0.0
2025-11-16 06:00,0.0
2025-11-16 07:00,0.0
2025-11-16 08:00,11.804
2025-11-16 09:00,37.863
2025-11-16 10:00,77.332
2025-11-16 11:00,97.562
2025-11-16 12:00,101.95
2025-11-16 13:00,98.973
2025-11-16 14:00,82.521
2025-11-16 15:00,45.735
2025-11-16 16:00,18.443
2025-11-16 17:00,0.0
2025-11-16 18:00,0.0
2025-11-16 19:00,0.0
2025-11-16 20:00,0.0
2025-11-16 21:00,0.0
2025-11-16 22:00,0.0
2025-11-16 23:00,0.0
2025-11-17 00:00,0.0
2025-11-17 01:00,0.0
2025-11-17 02:00,0.0
2025-11-17 03:00,0.0
2025-11-17 04:00,0.0
2025-11-17 05:00,0.0
2025-11-17 06:00,0.0
2025-11-17 07:00,0.0
2025-11-17 08:00,0.0
2025-11-17 09:00,19.335
2025-11-17 10:00,37.16
2025-11-17 11:00,119.84
2025-11-17 12:00,181.92
2025-11-17 13:00,269.41
2025-11-17 14:00,350.2
2025-11-17 15:00,384.75
2025-11-17 16:00,213.38
2025-11-17 17:00,0.0
2025-11-17 18:00,0.0
2025-11-17 19:00,0.0
2025-11-17 20:00,0.0
2025-11-17 21:00,0.0
2025-11-17 22:00,0.0
2025-11-17 23:00,0.0
2025-11-18 00:00,0.0
2025-11-18 01:00,0.0
2025-11-18 02:00,0.0
2025-11-18 03:00,0.0
2025-11-18 04:00,0.0
2025-11-18 05:00,0.0
2025-11-18 06:00,0.0
2025-11-18 07:00,0.0
2025-11-18 08:00,68.669
2025-11-18 09:00,168.41
2025-11-18 10:00,241.97
2025-11-18 11:00,305.49
2025-11-18 12:00,327.32
2025-11-18 13:00,280.16
2025-11-18 14:00,175.4
2025-11-18 15:00,93.906
2025-11-18 16:00,35.074
2025-11-18 17:00,0.0
2025-11-18 18:00,0.0
2025-11-18 19:00,0.0
2025-11-18 20:00,0.0
2025-11-18 21:00,0.0
2025-11-18 22:00,0.0
2025-11-18 23:00,0.0
2025-11-19 00:00,0.0
2025-11-19 01:00,0.0
2025-11-19 02:00,0.0
2025-11-19 03:00,0.0
2025-11-19 04:00,0.0
2025-11-19 05:00,0.0
2025-11-19 06:00,0.0
2025-11-19 07:00,0.0
2025-11-19 08:00,86.52
2025-11-19 09:00,197.42
2025-11-19 10:00,257.95
2025-11-19 11:00,327.79
2025-11-19 12:00,301.51
2025-11-19 13:00,273.7
2025-11-19 14:00,191.53
2025-11-19 15:00,121.45
2025-11-19 16:00,44.657
2025-11-19 17:00,0.0
2025-11-19 18:00,0.0
2025-11-19 19:00,0.0
2025-11-19 20:00,0.0
2025-11-19 21:00,0.0
2025-11-19 22:00,0.0
2025-11-19 23:00,0.0
2025-11-20 00:00,0.0
2025-11-20 01:00,0.0
2025-11-20 02:00,0.0
2025-11-20 03:00,0.0
2025-11-20 04:00,0.0
2025-11-20 05:00,0.0
2025-11-20 06:00,0.0
2025-11-20 07:00,0.0
2025-11-20 08:00,0.0
2025-11-20 09:00,42.418
2025-11-20 10:00,59.647
2025-11-20 11:00,117.67
2025-11-20 12:00,148.63
2025-11-20 13:00,167.61
2025-11-20 14:00,155.47
2025-11-20 15:00,114.18
2025-11-20 16:00,49.643
2025-11-20 17:00,0.0
2025-11-20 18:00,0.0
2025-11-20 19:00,0.0
2025-11-20 20:00,0.0
2025-11-20 21:00,0.0
2025-11-20 22:00,0.0
2025-11-20 23:00,0.0
2025-11-21 00:00,0.0
2025-11-21 01:00,0.0
2025-11-21 02:00,0.0
2025-11-21 03:00,0.0
2025-11-21 04:00,0.0
2025-11-21 05:00,0.0
2025-11-21 06:00,0.0
2025-11-21 07:00,0.0
2025-11-21 08:00,159.35
2025-11-21 09:00,318.01
2025-11-21 10:00,487.94
2025-11-21 11:00,561.66
2025-11-21 12:00,541.18
2025-11-21 13:00,405.31
2025-11-21 14:00,368.03
2025-11-21 15:00,250.21
2025-11-21 16:00,78.571
2025-11-21 17:00,0.0
2025-11-21 18:00,0.0
2025-11-21 19:00,0.0
2025-11-21 20:00,0.0
2025-11-21 21:00,0.0
2025-11-21 22:00,0.0
2025-11-21 23:00,0.0
2025-11-22 00:00,0.0
2025-11-22 01:00,0.0
2025-11-22 02:00,0.0
2025-11-22 03:00,0.0
2025-11-22 04:00,0.0
2025-11-22 05:00,0.0
2025-11-22 06:00,0.0
2025-11-22 07:00,0.0
2025-11-22 08:00,5.736
2025-11-22 09:00,25.598
2025-11-22 10:00,48.838
2025-11-22 11:00,61.044
2025-11-22 12:00,78.096
2025-11-22 13:00,71.357
2025-11-22 14:00,55.172
2025-11-22 15:00,35.074
2025-11-22 16:00,6.2311
2025-11-22 17:00,0.0
2025-11-22 18:00,0.0
2025-11-22 19:00,0.0
2025-11-22 20:00,0.0
2025-11-22 21:00,0.0
2025-11-22 22:00,0.0
2025-11-22 23:00,0.0
2025-11-23 00:00,0.0
2025-11-23 01:00,0.0
2025-11-23 02:00,0.0
2025-11-23 03:00,0.0
2025-11-23 04:00,0.0
2025-11-23 05:00,0.0
2025-11-23 06:00,0.0
2025-11-23 07:00,0.0
2025-11-23 08:00,0.0
2025-11-23 09:00,36.876
2025-11-23 10:00,50.029
2025-11-23 11:00,454.79
2025-11-23 12:00,247.28
2025-11-23 13:00,286.45
2025-11-23 14:00,531.69
2025-11-23 15:00,482.9
2025-11-23 16:00,227.64
2025-11-23 17:00,0.7954
2025-11-23 18:00,0.0
2025-11-23 19:00,0.0
2025-11-23 20:00,0.0
2025-11-23 21:00,0.0
2025-11-23 22:00,0.0
2025-11-23 23:00,0.0
2025-11-24 00:00,0.0
2025-11-24 01:00,0.0
2025-11-24 02:00,0.0
2025-11-24 03:00,0.0
2025-11-24 04:00,0.0
2025-11-24 05:00,0.0
2025-11-24 06:00,0.0
2025-11-24 07:00,0.0
2025-11-24 08:00,273.18
2025-11-24 09:00,514.53
2025-11-24 10:00,386.03
2025-11-24 11:00,274.01
2025-11-24 12:00,462.79
2025-11-24 13:00,499.31
2025-11-24 14:00,355.01
2025-11-24 15:00,108.29
2025-11-24 16:00,126.84
2025-11-24 17:00,0.0
2025-11-24 18:00,0.0
2025-11-24 19:00,0.0
2025-11-24 20:00,0.0
2025-11-24 21:00,0.0
2025-11-24 22:00,0.0
2025-11-24 23:00,0.0
2025-11-25 00:00,0.0
2025-11-25 01:00,0.0
2025-11-25 02:00,0.0
2025-11-25 03:00,0.0
2025-11-25 04:00,0.0
2025-11-25 05:00,0.0
2025-11-25 06:00,0.0
2025-11-25 07:00,0.0
2025-11-25 08:00,60.514
2025-11-25 09:00,444.5
2025-11-25 10:00,330.38
2025-11-25 11:00,813.12
2025-11-25 12:00,449.25
2025-11-25 13:00,232.52
2025-11-25 14:00,49.777
2025-11-25 15:00,50.662
2025-11-25 16:00,18.859
2025-11-25 17:00,0.0
2025-11-25 18:00,0.0
2025-11-25 19:00,0.0
2025-11-25 20:00,0.0
2025-11-25 21:00,0.0
2025-11-25 22:00,0.0
2025-11-25 23:00,0.0
2025-11-26 00:00,0.0
2025-11-26 01:00,0.0
2025-11-26 02:00,0.0
2025-11-26 03:00,0.0
2025-11-26 04:00,0.0
2025-11-26 05:00,0.0
2025-11-26 06:00,0.0
2025-11-26 07:00,0.0
2025-11-26 08:00,221.58
2025-11-26 09:00,484.8
2025-11-26 10:00,658.68
2025-11-26 11:00,779.55
2025-11-26 12:00,815.67
2025-11-26 13:00,765.31
2025-11-26 14:00,666.41
2025-11-26 15:00,506.08
2025-11-26 16:00,266.4
2025-11-26 17:00,0.0
2025-11-26 18:00,0.0
2025-11-26 19:00,0.0
2025-11-26 20:00,0.0
2025-11-26 21:00,0.0
2025-11-26 22:00,0.0
2025-11-26 23:00,0.0
2025-11-27 00:00,0.0
2025-11-27 01:00,0.0
2025-11-27 02:00,0.0
2025-11-27 03:00,0.0
2025-11-27 04:00,0.0
2025-11-27 05:00,0.0
2025-11-27 06:00,0.0
2025-11-27 07:00,0.0
2025-11-27 08:00,136.21
2025-11-27 09:00,319.36
2025-11-27 10:00,412.45
2025-11-27 11:00,498.49
2025-11-27 12:00,529.55
2025-11-27 13:00,489.82
2025-11-27 14:00,410.02
2025-11-27 15:00,228.33
2025-11-27 16:00,144.91
2025-11-27 17:00,0.0
2025-11-27 18:00,0.0
2025-11-27 19:00,0.0
2025-11-27 20:00,0.0
2025-11-27 21:00,0.0
2025-11-27 22:00,0.0
2025-11-27 23:00,0.0
2025-11-28 00:00,0.0
2025-11-28 01:00,0.0
2025-11-28 02:00,0.0
2025-11-28 03:00,0.0
2025-11-28 04:00,0.0
2025-11-28 05:00,0.0
2025-11-28 06:00,0.0
2025-11-28 07:00,0.0
2025-11-28 08:00,53.899
2025-11-28 09:00,149.92
2025-11-28 10:00,189.96
2025-11-28 11:00,502.88
2025-11-28 12:00,674.38
2025-11-28 13:00,476.1
2025-11-28 14:00,655.19
2025-11-28 15:00,479.72
2025-11-28 16:00,277.88
2025-11-28 17:00,0.0
2025-11-28 18:00,0.0
2025-11-28 19:00,0.0
2025-11-28 20:00,0.0
2025-11-28 21:00,0.0
2025-11-28 22:00,0.0
2025-11-28 23:00,0.0
2025-11-29 00:00,0.0
2025-11-29 01:00,0.0
2025-11-29 02:00,0.0
2025-11-29 03:00,0.0
2025-11-29 04:00,0.0
2025-11-29 05:00,0.0
2025-11-29 06:00,0.0
2025-11-29 07:00,0.0
2025-11-29 08:00,173.36
2025-11-29 09:00,373.6
2025-11-29 10:00,371.04
2025-11-29 11:00,387.71
2025-11-29 12:00,612.4
2025-11-29 13:00,668.41
2025-11-29 14:00,508.78
2025-11-29 15:00,389.72
2025-11-29 16:00,231.33
2025-11-29 17:00,0.0
2025-11-29 18:00,0.0
2025-11-29 19:00,0.0
2025-11-29 20:00,0.0
2025-11-29 21:00,0.0
2025-11-29 22:00,0.0
2025-11-29 23:00,0.0
2025-11-30 00:00,0.0
2025-11-30 01:00,0.0
2025-11-30 02:00,0.0
2025-11-30 03:00,0.0
2025-11-30 04:00,0.0
2025-11-30 05:00,0.0
2025-11-30 06:00,0.0
2025-11-30 07:00,0.0
2025-11-30 08:00,144.18
2025-11-30 09:00,312.7
2025-11-30 10:00,449.42
2025-11-30 11:00,556.62
2025-11-30 12:00,606.64
2025-11-30 13:00,539.94
2025-11-30 14:00,433.21
2025-11-30 15:00,303.6
2025-11-30 16:00,129.77
2025-11-30 17:00,0.0
2025-11-30 18:00,0.0
2025-11-30 19:00,0.0
2025-11-30 20:00,0.0
2025-11-30 21:00,0.0
2025-11-30 22:00,0.0
2025-11-30 23:00,0.0
2025-12-01 00:00,0.0
2025-12-01 01:00,0.0
2025-12-01 02:00,0.0
2025-12-01 03:00,0.0
2025-12-01 04:00,0.0
2025-12-01 05:00,0.0
2025-12-01 06:00,0.0
2025-12-01 07:00,0.0
2025-12-01 08:00,133.62
2025-12-01 09:00,233.97
2025-12-01 10:00,457.08
2025-12-01 11:00,510.47
2025-12-01 12:00,668.22
2025-12-01 13:00,719.78
2025-12-01 14:00,631.63
2025-12-01 15:00,423.42
2025-12-01 16:00,213.8
2025-12-01 17:00,0.0
2025-12-01 18:00,0.0
2025-12-01 19:00,0.0
2025-12-01 20:00,0.0
2025-12-01 21:00,0.0
2025-12-01 22:00,0.0
2025-12-01 23:00,0.0
2025-12-02 00:00,0.0
2025-12-02 01:00,0.0
2025-12-02 02:00,0.0
2025-12-02 03:00,0.0
2025-12-02 04:00,0.0
2025-12-02 05:00,0.0
2025-12-02 06:00,0.0
2025-12-02 07:00,0.0
2025-12-02 08:00,177.09
2025-12-02 09:00,441.14
2025-12-02 10:00,632.36
2025-12-02 11:00,749.44
2025-12-02 12:00,795.53
2025-12-02 13:00,757.15
2025-12-02 14:00,648.72
2025-12-02 15:00,493.65
2025-12-02 16:00,240.42
2025-12-02 17:00,0.0
2025-12-02 18:00,0.0
2025-12-02 19:00,0.0
2025-12-02 20:00,0.0
2025-12-02 21:00,0.0
2025-12-02 22:00,0.0
2025-12-02 23:00,0.0
2025-12-03 00:00,0.0
2025-12-03 01:00,0.0
2025-12-03 02:00,0.0
2025-12-03 03:00,0.0
2025-12-03 04:00,0.0
2025-12-03 05:00,0.0
2025-12-03 06:00,0.0
2025-12-03 07:00,0.0
2025-12-03 08:00,182.2
2025-12-03 09:00,443.58
2025-12-03 10:00,628.21
2025-12-03 11:00,754.04
2025-12-03 12:00,804.94
2025-12-03 13:00,784.92
2025-12-03 14:00,687.96
2025-12-03 15:00,511.25
2025-12-03 16:00,265.05
2025-12-03 17:00,0.0
2025-12-03 18:00,0.0
2025-12-03 19:00,0.0
2025-12-03 20:00,0.0
2025-12-03 21:00,0.0
2025-12-03 22:00,0.0
2025-12-03 23:00,0.0
2025-12-04 00:00,0.0
2025-12-04 01:00,0.0
2025-12-04 02:00,0.0
2025-12-04 03:00,0.0
2025-12-04 04:00,0.0
2025-12-04 05:00,0.0
2025-12-04 06:00,0.0
2025-12-04 07:00,0.0
2025-12-04 08:00,135.52
2025-12-04 09:00,362.24
2025-12-04 10:00,532.17
2025-12-04 11:00,650.06
2025-12-04 12:00,697.33
2025-12-04 13:00,664.18
2025-12-04 14:00,549.23
2025-12-04 15:00,397.65
2025-12-04 16:00,186.74
2025-12-04 17:00,0.0
2025-12-04 18:00,0.0
2025-12-04 19:00,0.0
2025-12-04 20:00,0.0
2025-12-04 21:00,0.0
2025-12-04 22:00,0.0
2025-12-04 23:00,0.0
2025-12-05 00:00,0.0
2025-12-05 01:00,0.0
2025-12-05 02:00,0.0
2025-12-05 03:00,0.0
2025-12-05 04:00,0.0
2025-12-05 05:00,0.0
2025-12-05 06:00,0.0
2025-12-05 07:00,0.0
2025-12-05 08:00,0.0
2025-12-05 09:00,30.893
2025-12-05 10:00,44.244
2025-12-05 11:00,39.043
2025-12-05 12:00,26.712
2025-12-05 13:00,27.25
2025-12-05 14:00,553.36
2025-12-05 15:00,459.78
2025-12-05 16:00,221.82
2025-12-05 17:00,0.0
2025-12-05 18:00,0.0
2025-12-05 19:00,0.0
2025-12-05 20:00,0.0
2025-12-05 21:00,0.0
2025-12-05 22:00,0.0
2025-12-05 23:00,0.0
2025-12-06 00:00,0.0
2025-12-06 01:00,0.0
2025-12-06 02:00,0.0
2025-12-06 03:00,0.0
2025-12-06 04:00,0.0
2025-12-06 05:00,0.0
2025-12-06 06:00,0.0
2025-12-06 07:00,0.0
2025-12-06 08:00,0.0
2025-12-06 09:00,25.373
2025-12-06 10:00,43.35
2025-12-06 11:00,50.106
2025-12-06 12:00,55.548
2025-12-06 13:00,47.588
2025-12-06 14:00,597.51
2025-12-06 15:00,488.67
2025-12-06 16:00,239.8
2025-12-06 17:00,0.0
2025-12-06 18:00,0.0
2025-12-06 19:00,0.0
2025-12-06 20:00,0.0
2025-12-06 21:00,0.0
2025-12-06 22:00,0.0
2025-12-06 23:00,0.0
2025-12-07 00:00,0.0
2025-12-07 01:00,0.0
2025-12-07 02:00,0.0
2025-12-07 03:00,0.0
2025-12-07 04:00,0.0
2025-12-07 05:00,0.0
2025-12-07 06:00,0.0
2025-12-07 07:00,0.0
2025-12-07 08:00,20.339
2025-12-07 09:00,193.62
2025-12-07 10:00,659.49
2025-12-07 11:00,667.07
2025-12-07 12:00,219.5
2025-12-07 13:00,152.24
2025-12-07 14:00,22.28
2025-12-07 15:00,37.88
2025-12-07 16:00,0.0
2025-12-07 17:00,0.0
2025-12-07 18:00,0.0
2025-12-07 19:00,0.0
2025-12-07 20:00,0.0
2025-12-07 21:00,0.0
2025-12-07 22:00,0.0
2025-12-07 23:00,0.0
2025-12-08 00:00,0.0
2025-12-08 01:00,0.0
2025-12-08 02:00,0.0
2025-12-08 03:00,0.0
2025-12-08 04:00,0.0
2025-12-08 05:00,0.0
2025-12-08 06:00,0.0
2025-12-08 07:00,0.0
2025-12-08 08:00,1.8034
2025-12-08 09:00,286.17
2025-12-08 10:00,402.41
2025-12-08 11:00,249.83
2025-12-08 12:00,345.03
2025-12-08 13:00,114.0
2025-12-08 14:00,354.18
2025-12-08 15:00,41.154
2025-12-08 16:00,12.641
2025-12-08 17:00,0.0
2025-12-08 18:00,0.0
2025-12-08 19:00,0.0
2025-12-08 20:00,0.0
2025-12-08 21:00,0.0
2025-12-08 22:00,0.0
2025-12-08 23:00,0.0
2025-12-09 00:00,0.0
2025-12-09 01:00,0.0
2025-12-09 02:00,0.0
2025-12-09 03:00,0.0
2025-12-09 04:00,0.0
2025-12-09 05:00,0.0
2025-12-09 06:00,0.0
2025-12-09 07:00,0.0
2025-12-09 08:00,17.2
2025-12-09 09:00,4.9825
2025-12-09 10:00,249.71
2025-12-09 11:00,712.92
2025-12-09 12:00,430.36
2025-12-09 13:00,488.71
2025-12-09 14:00,212.3
2025-12-09 15:00,7.7548
2025-12-09 16:00,0.0
2025-12-09 17:00,0.0
2025-12-09 18:00,0.0
2025-12-09 19:00,0.0
2025-12-09 20:00,0.0
2025-12-09 21:00,0.0
2025-12-09 22:00,0.0
2025-12-09 23:00,0.0
2025-12-10 00:00,0.0
2025-12-10 01:00,0.0
2025-12-10 02:00,0.0
2025-12-10 03:00,0.0
2025-12-10 04:00,0.0
2025-12-10 05:00,0.0
2025-12-10 06:00,0.0
2025-12-10 07:00,0.0
2025-12-10 08:00,0.4205
2025-12-10 09:00,187.84
2025-12-10 10:00,174.35
2025-12-10 11:00,176.47
2025-12-10 12:00,299.16
2025-12-10 13:00,259.88
2025-12-10 14:00,176.68
2025-12-10 15:00,472.57
2025-12-10 16:00,242.09
2025-12-10 17:00,0.0
2025-12-10 18:00,0.0
2025-12-10 19:00,0.0
2025-12-10 20:00,0.0
2025-12-10 21:00,0.0
2025-12-10 22:00,0.0
2025-12-10 23:00,0.0
2025-12-11 00:00,0.0
2025-12-11 01:00,0.0
2025-12-11 02:00,0.0
2025-12-11 03:00,0.0
2025-12-11 04:00,0.0
2025-12-11 05:00,0.0
2025-12-11 06:00,0.0
2025-12-11 07:00,0.0
2025-12-11 08:00,10.084
2025-12-11 09:00,262.52
2025-12-11 10:00,430.58
2025-12-11 11:00,542.25
2025-12-11 12:00,588.93
2025-12-11 13:00,562.18
2025-12-11 14:00,472.04
2025-12-11 15:00,333.58
2025-12-11 16:00,130.45
2025-12-11 17:00,0.0
2025-12-11 18:00,0.0
2025-12-11 19:00,0.0
2025-12-11 20:00,0.0
2025-12-11 21:00,0.0
2025-12-11 22:00,0.0
2025-12-11 23:00,0.0
2025-12-12 00:00,0.0
2025-12-12 01:00,0.0
2025-12-12 02:00,0.0
2025-12-12 03:00,0.0
2025-12-12 04:00,0.0
2025-12-12 05:00,0.0
2025-12-12 06:00,0.0
2025-12-12 07:00,0.0
2025-12-12 08:00,5.715
2025-12-12 09:00,173.86
2025-12-12 10:00,282.77
2025-12-12 11:00,537.1
2025-12-12 12:00,673.81
2025-12-12 13:00,735.2
2025-12-12 14:00,608.93
2025-12-12 15:00,363.86
2025-12-12 16:00,192.94
2025-12-12 17:00,0.0
2025-12-12 18:00,0.0
2025-12-12 19:00,0.0
2025-12-12 20:00,0.0
2025-12-12 21:00,0.0
2025-12-12 22:00,0.0
2025-12-12 23:00,0.0
2025-12-13 00:00,0.0
2025-12-13 01:00,0.0
2025-12-13 02:00,0.0
2025-12-13 03:00,0.0
2025-12-13 04:00,0.0
2025-12-13 05:00,0.0
2025-12-13 06:00,0.0
2025-12-13 07:00,0.0
2025-12-13 08:00,5.0905
2025-12-13 09:00,145.63
2025-12-13 10:00,265.95
2025-12-13 11:00,302.3
2025-12-13 12:00,312.18
2025-12-13 13:00,325.45
2025-12-13 14:00,243.83
2025-12-13 15:00,154.55
2025-12-13 16:00,53.601
2025-12-13 17:00,0.0
2025-12-13 18:00,0.0
2025-12-13 19:00,0.0
2025-12-13 20:00,0.0
2025-12-13 21:00,0.0
2025-12-13 22:00,0.0
2025-12-13 23:00,0.0
2025-12-14 00:00,0.0
2025-12-14 01:00,0.0
2025-12-14 02:00,0.0
2025-12-14 03:00,0.0
2025-12-14 04:00,0.0
2025-12-14 05:00,0.0
2025-12-14 06:00,0.0
2025-12-14 07:00,0.0
2025-12-14 08:00,0.0
2025-12-14 09:00,61.893
2025-12-14 10:00,26.823
2025-12-14 11:00,43.581
2025-12-14 12:00,394.29
2025-12-14 13:00,294.08
2025-12-14 14:00,312.96
2025-12-14 15:00,445.5
2025-12-14 16:00,229.68
2025-12-14 17:00,0.0
2025-12-14 18:00,0.0
2025-12-14 19:00,0.0
2025-12-14 20:00,0.0
2025-12-14 21:00,0.0
2025-12-14 22:00,0.0
2025-12-14 23:00,0.0
2025-12-15 00:00,0.0
2025-12-15 01:00,0.0
2025-12-15 02:00,0.0
2025-12-15 03:00,0.0
2025-12-15 04:00,0.0
2025-12-15 05:00,0.0
2025-12-15 06:00,0.0
2025-12-15 07:00,0.0
2025-12-15 08:00,2.8436
2025-12-15 09:00,128.91
2025-12-15 10:00,206.42
2025-12-15 11:00,281.81
2025-12-15 12:00,342.39
2025-12-15 13:00,309.69
2025-12-15 14:00,217.66
2025-12-15 15:00,151.14
2025-12-15 16:00,65.502
2025-12-15 17:00,0.0
2025-12-15 18:00,0.0
2025-12-15 19:00,0.0
2025-12-15 20:00,0.0
2025-12-15 21:00,0.0
2025-12-15 22:00,0.0
2025-12-15 23:00,0.0
2025-12-16 00:00,0.0
2025-12-16 01:00,0.0
2025-12-16 02:00,0.0
2025-12-16 03:00,0.0
2025-12-16 04:00,0.0
2025-12-16 05:00,0.0
2025-12-16 06:00,0.0
2025-12-16 07:00,0.0
2025-12-16 08:00,6.6656
2025-12-16 09:00,308.37
2025-12-16 10:00,502.78
2025-12-16 11:00,645.68
2025-12-16 12:00,713.83
2025-12-16 13:00,716.96
2025-12-16 14:00,639.72
2025-12-16 15:00,464.4
2025-12-16 16:00,223.1
2025-12-16 17:00,0.0
2025-12-16 18:00,0.0
2025-12-16 19:00,0.0
2025-12-16 20:00,0.0
2025-12-16 21:00,0.0
2025-12-16 22:00,0.0
2025-12-16 23:00,0.0
2025-12-17 00:00,0.0
2025-12-17 01:00,0.0
2025-12-17 02:00,0.0
2025-12-17 03:00,0.0
2025-12-17 04:00,0.0
2025-12-17 05:00,0.0
2025-12-17 06:00,0.0
2025-12-17 07:00,0.0
2025-12-17 08:00,0.0
2025-12-17 09:00,33.079
2025-12-17 10:00,56.493
2025-12-17 11:00,82.106
2025-12-17 12:00,84.299
2025-12-17 13:00,70.307
2025-12-17 14:00,52.38
2025-12-17 15:00,33.542
2025-12-17 16:00,5.4401
2025-12-17 17:00,0.0
2025-12-17 18:00,0.0
2025-12-17 19:00,0.0
2025-12-17 20:00,0.0
2025-12-17 21:00,0.0
2025-12-17 22:00,0.0
2025-12-17 23:00,0.0
2025-12-18 00:00,0.0
2025-12-18 01:00,0.0
2025-12-18 02:00,0.0
2025-12-18 03:00,0.0
2025-12-18 04:00,0.0
2025-12-18 05:00,0.0
2025-12-18 06:00,0.0
2025-12-18 07:00,0.0
2025-12-18 08:00,0.1632
2025-12-18 09:00,111.52
2025-12-18 10:00,195.07
2025-12-18 11:00,251.96
2025-12-18 12:00,249.07
2025-12-18 13:00,272.77
2025-12-18 14:00,198.75
2025-12-18 15:00,138.21
2025-12-18 16:00,37.65
2025-12-18 17:00,0.0
2025-12-18 18:00,0.0
2025-12-18 19:00,0.0
2025-12-18 20:00,0.0
2025-12-18 21:00,0.0
2025-12-18 22:00,0.0
2025-12-18 23:00,0.0
2025-12-19 00:00,0.0
2025-12-19 01:00,0.0
2025-12-19 02:00,0.0
2025-12-19 03:00,0.0
2025-12-19 04:00,0.0
2025-12-19 05:00,0.0
2025-12-19 06:00,0.0
2025-12-19 07:00,0.0
2025-12-19 08:00,2.4495
2025-12-19 09:00,74.258
2025-12-19 10:00,43.036
2025-12-19 11:00,133.35
2025-12-19 12:00,269.98
2025-12-19 13:00,293.22
2025-12-19 14:00,417.94
2025-12-19 15:00,321.39
2025-12-19 16:00,215.8
2025-12-19 17:00,0.0
2025-12-19 18:00,0.0
2025-12-19 19:00,0.0
2025-12-19 20:00,0.0
2025-12-19 21:00,0.0
2025-12-19 22:00,0.0
2025-12-19 23:00,0.0
2025-12-20 00:00,0.0
2025-12-20 01:00,0.0
2025-12-20 02:00,0.0
2025-12-20 03:00,0.0
2025-12-20 04:00,0.0
2025-12-20 05:00,0.0
2025-12-20 06:00,0.0
2025-12-20 07:00,0.0
2025-12-20 08:00,0.0
2025-12-20 09:00,3.1425
2025-12-20 10:00,30.264
2025-12-20 11:00,126.06
2025-12-20 12:00,359.76
2025-12-20 13:00,108.08
2025-12-20 14:00,266.39
2025-12-20 15:00,348.16
2025-12-20 16:00,84.239
2025-12-20 17:00,0.0
2025-12-20 18:00,0.0
2025-12-20 19:00,0.0
2025-12-20 20:00,0.0
2025-12-20 21:00,0.0
2025-12-20 22:00,0.0
2025-12-20 23:00,0.0
2025-12-21 00:00,0.0
2025-12-21 01:00,0.0
2025-12-21 02:00,0.0
2025-12-21 03:00,0.0
2025-12-21 04:00,0.0
2025-12-21 05:00,0.0
2025-12-21 06:00,0.0
2025-12-21 07:00,0.0
2025-12-21 08:00,0.0
2025-12-21 09:00,53.312
2025-12-21 10:00,92.9
2025-12-21 11:00,212.77
2025-12-21 12:00,131.96
2025-12-21 13:00,151.83
2025-12-21 14:00,252.74
2025-12-21 15:00,303.31
2025-12-21 16:00,182.7
2025-12-21 17:00,0.0
2025-12-21 18:00,0.0
2025-12-21 19:00,0.0
2025-12-21 20:00,0.0
2025-12-21 21:00,0.0
2025-12-21 22:00,0.0
2025-12-21 23:00,0.0
2025-12-22 00:00,0.0
2025-12-22 01:00,0.0
2025-12-22 02:00,0.0
2025-12-22 03:00,0.0
2025-12-22 04:00,0.0
2025-12-22 05:00,0.0
2025-12-22 06:00,0.0
2025-12-22 07:00,0.0
2025-12-22 08:00,0.0
2025-12-22 09:00,17.652
2025-12-22 10:00,41.138
2025-12-22 11:00,56.147
2025-12-22 12:00,50.032
2025-12-22 13:00,44.204
2025-12-22 14:00,528.07
2025-12-22 15:00,438.47
2025-12-22 16:00,197.85
2025-12-22 17:00,0.0
2025-12-22 18:00,0.0
2025-12-22 19:00,0.0
2025-12-22 20:00,0.0
2025-12-22 21:00,0.0
2025-12-22 22:00,0.0
2025-12-22 23:00,0.0
2025-12-23 00:00,0.0
2025-12-23 01:00,0.0
2025-12-23 02:00,0.0
2025-12-23 03:00,0.0
2025-12-23 04:00,0.0
2025-12-23 05:00,0.0
2025-12-23 06:00,0.0
2025-12-23 07:00,0.0
2025-12-23 08:00,0.0
2025-12-23 09:00,3.7572
2025-12-23 10:00,34.403
2025-12-23 11:00,46.8
2025-12-23 12:00,84.304
2025-12-23 13:00,82.047
2025-12-23 14:00,659.39
2025-12-23 15:00,565.12
2025-12-23 16:00,313.96
2025-12-23 17:00,0.0
2025-12-23 18:00,0.0
2025-12-23 19:00,0.0
2025-12-23 20:00,0.0
2025-12-23 21:00,0.0
2025-12-23 22:00,0.0
2025-12-23 23:00,0.0
2025-12-24 00:00,0.0
2025-12-24 01:00,0.0
2025-12-24 02:00,0.0
2025-12-24 03:00,0.0
2025-12-24 04:00,0.0
2025-12-24 05:00,0.0
2025-12-24 06:00,0.0
2025-12-24 07:00,0.0
2025-12-24 08:00,0.0
2025-12-24 09:00,171.64
2025-12-24 10:00,178.15
2025-12-24 11:00,92.974
2025-12-24 12:00,89.488
2025-12-24 13:00,450.06
2025-12-24 14:00,589.23
2025-12-24 15:00,487.17
2025-12-24 16:00,95.965
2025-12-24 17:00,0.0
2025-12-24 18:00,0.0
2025-12-24 19:00,0.0
2025-12-24 20:00,0.0
2025-12-24 21:00,0.0
2025-12-24 22:00,0.0
2025-12-24 23:00,0.0
2025-12-25 00:00,0.0
2025-12-25 01:00,0.0
2025-12-25 02:00,0.0
2025-12-25 03:00,0.0
2025-12-25 04:00,0.0
2025-12-25 05:00,0.0
2025-12-25 06:00,0.0
2025-12-25 07:00,0.0
2025-12-25 08:00,0.8772
2025-12-25 09:00,158.92
2025-12-25 10:00,248.53
2025-12-25 11:00,260.19
2025-12-25 12:00,290.61
2025-12-25 13:00,270.62
2025-12-25 14:00,236.81
2025-12-25 15:00,185.01
2025-12-25 16:00,93.853
2025-12-25 17:00,0.0
2025-12-25 18:00,0.0
2025-12-25 19:00,0.0
2025-12-25 20:00,0.0
2025-12-25 21:00,0.0
2025-12-25 22:00,0.0
2025-12-25 23:00,0.0
2025-12-26 00:00,0.0
2025-12-26 01:00,0.0
2025-12-26 02:00,0.0
2025-12-26 03:00,0.0
2025-12-26 04:00,0.0
2025-12-26 05:00,0.0
2025-12-26 06:00,0.0
2025-12-26 07:00,0.0
2025-12-26 08:00,3.4022
2025-12-26 09:00,334.95
2025-12-26 10:00,584.43
2025-12-26 11:00,705.66
2025-12-26 12:00,658.96
2025-12-26 13:00,669.62
2025-12-26 14:00,564.21
2025-12-26 15:00,419.59
2025-12-26 16:00,233.67
2025-12-26 17:00,0.0
2025-12-26 18:00,0.0
2025-12-26 19:00,0.0
2025-12-26 20:00,0.0
2025-12-26 21:00,0.0
2025-12-26 22:00,0.0
2025-12-26 23:00,0.0
2025-12-27 00:00,0.0
2025-12-27 01:00,0.0
2025-12-27 02:00,0.0
2025-12-27 03:00,0.0
2025-12-27 04:00,0.0
2025-12-27 05:00,0.0
2025-12-27 06:00,0.0
2025-12-27 07:00,0.0
2025-12-27 08:00,0.0
2025-12-27 09:00,31.99
2025-12-27 10:00,72.817
2025-12-27 11:00,108.37
2025-12-27 12:00,93.022
2025-12-27 13:00,89.844
2025-12-27 14:00,88.834
2025-12-27 15:00,61.862
2025-12-27 16:00,30.373
2025-12-27 17:00,0.0
2025-12-27 18:00,0.0
2025-12-27 19:00,0.0
2025-12-27 20:00,0.0
2025-12-27 21:00,0.0
2025-12-27 22:00,0.0
2025-12-27 23:00,0.0
2025-12-28 00:00,0.0
2025-12-28 01:00,0.0
2025-12-28 02:00,0.0
2025-12-28 03:00,0.0
2025-12-28 04:00,0.0
2025-12-28 05:00,0.0
2025-12-28 06:00,0.0
2025-12-28 07:00,0.0
2025-12-28 08:00,0.0
2025-12-28 09:00,101.73
2025-12-28 10:00,150.95
2025-12-28 11:00,209.64
2025-12-28 12:00,200.82
2025-12-28 13:00,177.62
2025-12-28 14:00,163.87
2025-12-28 15:00,111.95
2025-12-28 16:00,37.531
2025-12-28 17:00,0.0
2025-12-28 18:00,0.0
2025-12-28 19:00,0.0
2025-12-28 20:00,0.0
2025-12-28 21:00,0.0
2025-12-28 22:00,0.0
2025-12-28 23:00,0.0
2025-12-29 00:00,0.0
2025-12-29 01:00,0.0
2025-12-29 02:00,0.0
2025-12-29 03:00,0.0
2025-12-29 04:00,0.0
2025-12-29 05:00,0.0
2025-12-29 06:00,0.0
2025-12-29 07:00,0.0
2025-12-29 08:00,0.0
2025-12-29 09:00,79.391
2025-12-29 10:00,140.72
2025-12-29 11:00,177.5
2025-12-29 12:00,216.63
2025-12-29 13:00,234.39
2025-12-29 14:00,182.07
2025-12-29 15:00,99.016
2025-12-29 16:00,35.274
2025-12-29 17:00,0.0
2025-12-29 18:00,0.0
2025-12-29 19:00,0.0
2025-12-29 20:00,0.0
2025-12-29 21:00,0.0
2025-12-29 22:00,0.0
2025-12-29 23:00,0.0
2025-12-30 00:00,0.0
2025-12-30 01:00,0.0
2025-12-30 02:00,0.0
2025-12-30 03:00,0.0
2025-12-30 04:00,0.0
2025-12-30 05:00,0.0
2025-12-30 06:00,0.0
2025-12-30 07:00,0.0
2025-12-30 08:00,1.2108
2025-12-30 09:00,271.23
2025-12-30 10:00,526.56
2025-12-30 11:00,647.48
2025-12-30 12:00,653.8
2025-12-30 13:00,693.42
2025-12-30 14:00,508.17
2025-12-30 15:00,462.0
2025-12-30 16:00,235.15
2025-12-30 17:00,0.0
2025-12-30 18:00,0.0
2025-12-30 19:00,0.0
2025-12-30 20:00,0.0
2025-12-30 21:00,0.0
2025-12-30 22:00,0.0
2025-12-30 23:00,0.0
2025-12-31 00:00,0.0
2025-12-31 01:00,0.0
2025-12-31 02:00,0.0
2025-12-31 03:00,0.0
2025-12-31 04:00,0.0
2025-12-31 05:00,0.0
2025-12-31 06:00,0.0
2025-12-31 07:00,0.0
2025-12-31 08:00,0.0
2025-12-31 09:00,88.768
2025-12-31 10:00,248.98
2025-12-31 11:00,499.52
2025-12-31 12:00,376.81
2025-12-31 13:00,364.35
2025-12-31 14:00,433.44
2025-12-31 15:00,308.58
2025-12-31 16:00,105.31
2025-12-31 17:00,0.0
2025-12-31 18:00,0.0
2025-12-31 19:00,0.0
2025-12-31 20:00,0.0
2025-12-31 21:00,0.0
2025-12-31 22:00,0.0
2025-12-31 23:00,0.0
